s_name|s_address
Supplier#000000020|iybAE,RmTymrZVYaFZva2SH,j
Supplier#000000285|Br7e1nnt1yxrw6ImgpJ7YdhFDjuBf
Supplier#000000358|V3yxhHhHSXqOoc5UPv5TwkVDGKQsG
Supplier#000000361|f8IUYRmdVXhQC9qJQjWknCXmzhe38vCbk6
Supplier#000000402|i9Sw4DoyMhzhKXCH9By,AYSgmD
Supplier#000000555|TfB,a5bfl3Ah 3Z 74GqnNs6zKVGM
Supplier#000000688|D fw5ocppmZpYBBIPI718hCihLDZ5KhKX
Supplier#000000729|pqck2ppy758TQpZCUAjPvlU55K3QjfL7Bi
Supplier#000000744|5NKuw5W4mFDMQBbUjUO4k kfokG8yvAe
Supplier#000000752|l cHMtEnodxj3FV
Supplier#000000783|dMpZwZ95xznZWg4acMQW dK8AQMhB
Supplier#000000975|,AC e,tBpNwKb5xMUzeohxlRn, hdZJo73gFQF8y
Supplier#000000997|7eUWMrOCKCp2JYas6P4mL93eaWIOtKKWtTX
Supplier#000001141|xCOuPvOd565r9H31,xuZcpE
Supplier#000001245|bztTCfHZnsLafgtZWe,isV Gr 4IFg
Supplier#000001367|42YSkFcAXMMcucsqeEefOE4HeCC
Supplier#000001426|bPOCc086oFm8sLtS,fGrH
Supplier#000001447|Y6nbeZmxx9J0j,1PLvpljga qvtV0e3ehThVjXMf
Supplier#000001501|xL06,Y 2M3CjPr
Supplier#000001528|it4EmP9yhW0IZvUnapbYfoKXVvY2
Supplier#000001600|Wli6lXwUVA4SSle lr0iA2VaJZt
Supplier#000001624|ISkTuv6KLp9AcxdWRGJ8 ey,r56tQ9DozGP
Supplier#000001682|pXTkGxrTQVyH1Rr
Supplier#000001700|7hMlCof1Y5zLFg
Supplier#000001726|TeRY7TtTH24sEword7yAaSkjx8
Supplier#000001746|qWsendlOekQG1aW4uq06uQaCm51se8lirv7 hBRd
Supplier#000001855|MWk6EAeozXb
Supplier#000001856|jXcRgzYF0ah05iR8p6w5SbJJLcUGyYiURPvFwUWM
Supplier#000001939|Nrk,JA4bfReUs
Supplier#000001990|DSDJkCgBJzuPg1yuM,CUdLnsRliOxkkHezTCA
Supplier#000002022| dwebGX7Id2pc25YvY33
Supplier#000002117|MRtkgKolHJ9Wh X9J,urANHKDzvjr
Supplier#000002218|nODZw5q4dx kp0K5
Supplier#000002241|iGV,9clV9LwufQVVqiOO1plFx
Supplier#000002245|hz2qWXWVjOyKhqPYMoEwz6zFkrTaDM
Supplier#000002264|dBDsb7P6EcVLsX
Supplier#000002272|tQdSwOifi4AkfJh
Supplier#000002331|WRh2w5WFvRg7Z0S1AvSvHCL
Supplier#000002419|qydBQd14I5l5mVXa4fYY
Supplier#000002481|nLKHUOn2Ml9TOA06Znq9GEMcIlMO2
Supplier#000002494|8 j3qJvL6qjroE avAdKFooKo4IMH2oPHLXH0H9p
Supplier#000002571|JZUugz04c iJFLrlGsz9O N,W 1rVHNIReyq
Supplier#000002629|0Bw,q5Zp8su9XrzoCngZ3cAEXZwZ
Supplier#000002630|ZIQAvjNUY9KH5ive zm7k VlPiDl7CCo21
Supplier#000002669|GG1GW2tM6wvOW iIPblxxmXj2g
Supplier#000002719|4nnzQI2CbqREQUuIsXTBVUkaP4mNS3
Supplier#000002799|lwr, 6L3gdfc79PQut,4XO6nQsTJY63cAyYO
Supplier#000002840|nXVY3S0,1VZrTavsOSFyBZx DOUU
Supplier#000002934|m,trBENywSArwg3DhB
Supplier#000002941|Naddba 8YTEKekZyP0
Supplier#000002960|KCPCEsRGGo6vx8TygHh60nAYf9rStQT2T
Supplier#000002980|B9k9yVsyaXvWktOSHezqHiAEp9id0SKzkw
Supplier#000003062|LSQNgqY1xnOzz9zBCapy7HwOZQ
Supplier#000003087|ANwe8QsZ4rgj1HSqVz991eWQ
Supplier#000003095|HxON3jJhUi3zjt,r mTD
Supplier#000003109|2WfTvl8mtHqnyueg7Ki
Supplier#000003161|cQScZDuLpBSAU9RlV4OxyvJeHbMpjfwoX
Supplier#000003185|hMa535Cbf2mj1Nw4OWOKWVrsK0VdDkJURrdjSIJe
Supplier#000003213|pxrRP4irQ1VoyfQ,dTf3
Supplier#000003241|j06SU,LS9O3mwjAMOViANeIhb
Supplier#000003275|9xO4nyJ2QJcX6vGf
Supplier#000003380|jPv0V,pszouuFT3YsAqlP,kxT3u,gTFiEbRt,x
Supplier#000003403|e3X2o ,KCG9tsHji8A XXCxiF2hZWBw
Supplier#000003421|Sh3dt9W5oeofFWovnFhrg,
Supplier#000003445|gWX6w2yDE10TXisLZkLPcoFl,FN
Supplier#000003556|orv,fQlamFT EQxgLhUf4nkAaSIN5eQsA9j,
Supplier#000003561|Zc9L62QD0dCSXxykBJS1K
Supplier#000003679|CtP5pEp8k7H
Supplier#000003723|jZEp0OEythCLcS OmJSrFtxJ66bMlzSp
Supplier#000003795|Q6DPJ4AogZ RFB0TAs,F2FtIW8C67wax9pE
Supplier#000003797|UuWXXv4ID LLOj
Supplier#000003894|vvGC rameLOk
Supplier#000003918|meRvRCsJoAbfqd0Re4
Supplier#000003994|W00LZp3NjK0
Supplier#000004014|Spla6 0RV3oK9Y
Supplier#000004111|fEPasEoS6uaJ VsPTh1qNht0
Supplier#000004140|0hL7DJyYjcHL
Supplier#000004165|wTJ2dZNQA8P2oi99N6DT47ndHy,XKD2
Supplier#000004207|tF64pwiOM4IkWjN3mS,e06WuAjLx
Supplier#000004236|dl,HPtJmGipxYsSqn9wmqkuWjst,mCeJ8O6T
Supplier#000004278|bBddbpBxIVp Di9
Supplier#000004281|1OwPHh Pgiyeus,iZS5eA23JDOipwk
Supplier#000004353|b4HfPj9UX35uP2H7a6xohz7orfVX
Supplier#000004371|krCpx7vN0eJ06aMie Lh7VwTDz
Supplier#000004542|NJSbLJDroYG2y1r3rDiKg
Supplier#000004588|Al7amqeLcVEZkcGjmdpNGWp0VC93q0j
Supplier#000004655|67NqBc4 t3PG3F8aO IsqWNq4kGaPowYL
Supplier#000004769|Iom2IeCJ44BiWH
Supplier#000004847|qsHYyZLkySro7Wmc6tfZqN1ycgwq3XF1bA m
Supplier#000004884|42Z1uLye9nsn6aTGBNd dI8 x
Supplier#000004961|HTHQsovnuqEaKFswci8rS
Supplier#000004975|GPq5PMKY6Wy
Supplier#000004987| UFx1upJ8MvOvgFjA8
Supplier#000005015|HOXohc8D8KJ Yx2WIOL 5EvtdnTqwXSo
Supplier#000005076|Xl7h9ifgvIHmqxFLgWfHK4Gjav BkP
Supplier#000005300|gXG28YqpxU
Supplier#000005426|9Dz2OVT1q sb4BK71ljQ1XjPBYRPvO
Supplier#000005465|63cYZenZBRZ613Q1FaoG0,smnC5zl9
Supplier#000005484|saFdOR qW7AFY,3asPqiiAa11Mo22pCoN0BtPrKo
Supplier#000005485|lPUyDH6sYA6ktvEc25b4hvYmUKrtIXVcuc6t
Supplier#000005505|d2sbjG43KwMPX
Supplier#000005506|On f5ypzoWgB
Supplier#000005536|Nzo9tGkpgbHT,EZ4D,77MYKl4ah1C
Supplier#000005631|14TVrjlzo2SJEBYCDgpMwTlvwSqC
Supplier#000005686|f2RBKec2T1NIi7yS M
Supplier#000005809|OS,jWuDlF0msPmJVIXAFsJVGjRs
Supplier#000006059|4m0cv8MwJ9yX2vlwI Z
Supplier#000006084|gv,vfg,ApqCQ37Sy2O0v3Gsr
Supplier#000006093|KJNUg1odUT2wtCS2s6PrH3D6fd
Supplier#000006099|aZilwQKYDTVPoK
Supplier#000006109|rY5gbfh3dKHnylcQUTPGCwnbe
Supplier#000006215|j2iEbTsl,5PWdqWZ7k1yiISb7qtiiZljDIPEo
Supplier#000006217|RVN23SYT9jenUeaWGXUd
Supplier#000006346|1UMASn Ogy1ngmGXp9yx4tU
Supplier#000006370|3hUWgZ6DWw34Yxa92LFqBUZGg695je
Supplier#000006478|bQYPnj9lpmW3U
Supplier#000006492|H,X6eulSW3LVy0uxdM
Supplier#000006529|DCIcqQG,v02EcdiZFCN7uc3g
Supplier#000006607|3F 2e2gqD5u5B
Supplier#000006642|N,CUclSqRLJcS8zQ
Supplier#000006645|66atrH65661mtBBwH,zYw2,G
Supplier#000006669|NQ4Yryj624p7K53
Supplier#000006706|Ak4ga,ePu1QZ6C3qkrqjosaX0gxvqS9vkbe
Supplier#000006863|ElFcmfHn2n
Supplier#000006946|To6Slo0GJTqcIvD
Supplier#000007072|2tRyX9M1a 4Rcm57s779F1ANG9jlpK
Supplier#000007132|xonvn0KAQIL3p8kYk HC1FSSDSUSTC
Supplier#000007147|Xzb16kC63wmLVYexUEgB0hXFvHkjT5iPpq
Supplier#000007183|6fW9mxnQy82BJHO,Y40C7TLo51ZsbFRbx AHr
Supplier#000007274|sGXGtoXKb0qXjrdN oi,15zOP
Supplier#000007340|9f,1UUNu5Ug54qe17YAuNfVi1yf2ZcJYTZRyDn
Supplier#000007402|4UVv58ery1rjmqSR5
Supplier#000007448|yhhpWiJi7EJ6Q5VCaQ
Supplier#000007460|s4ypM7SV1D6ut8gtn8OtxV5
Supplier#000007477|9m9j0wfhWzCvVHxkU,PpAxwSH0h
Supplier#000007561|rMcFg2530VC
Supplier#000007616|R IovIqzDi3,QHnaqZk1xS4hGAgelhP4yj
Supplier#000007760|JsPE18PvcdFTK
Supplier#000007777|nAyZoZF,GfnpEtFRV1yf
Supplier#000007801|69fi,U1r6enUb 
Supplier#000007926|ErzCF80K9Uy
Supplier#000007957|ELwnio14ssoU1 dRyZIL OK3Vtzb
Supplier#000007965|F7Un5lJ7p5hhj
Supplier#000007968|DsF9UlZ2Fo6HXN9aErvyg1ikHoD582HSGZpP
Supplier#000008090|eonbJZvoDFYBNUinYfp6yERIg
Supplier#000008131|BDWHW37vwkj8L
Supplier#000008231|IK7eGw Yj90sTdpsP,vcqWxLB
Supplier#000008243|2AyePMkDqmzVzjGTizXthFLo8h EiudCMxOmIIG
Supplier#000008275|BlbNDfWg,gpXKQlLN
Supplier#000008366|h778cEj14BuW9OEKlvPTWq4iwASR6EBBXN7zeS8
Supplier#000008410|9riCCazinZsgc8mbjKa1wEfbGv oVlgKhanGW
Supplier#000008423|RQhKnkAhR0DAr3Ix4Q1weMMn00hNe Kq
Supplier#000008467|mOzxpu7,0X7f2,BY3d OnG6yDTPz7k74
Supplier#000008484|YgFHZx0af26o9dq82lpNGzuyp0vB6IX
Supplier#000008559|IvHvgZ0TtOMX3xFOW9kgYDNXsZv
Supplier#000008579| hMJ9jiSdp1H M7h7xpGOjT6VHBkI QPVYUDV
Supplier#000008705|aE,trRNdPx,4yinTD9O3DebDIp
Supplier#000008742|HmPlQEzKCPEcTUL14,kKq
Supplier#000008750|1SrKDBP9Y0PAguWqMUm7EJrtfqIOsVaTmfz6fP0
Supplier#000008872|8D 45GgxJO2OwwYP9S4AaXJKvDwPfLM
Supplier#000008879|rDSA,D9oPM,65NMWEFrmGKAu
Supplier#000009043|57OPvKH4qyXIZ7IzYeCaw11a5N1Ki9f1WWmVQ,
Supplier#000009326|XmiC,uy36B9,fb0zhcjaagiXQutg
Supplier#000009327|uoqMdf7e7Gj9dbQ53
Supplier#000009506|YqNm9Ml0j,8NhZntYZKzJgWZdrUxX7t
Supplier#000009549|h3RVchUf8MzY46IzbZ0ng09
Supplier#000009601|51m637bO,Rw5DnHWFUvLacRx9
Supplier#000009868|ROjGgx5gvtkmnUUoeyy7v
Supplier#000009899|7XdpAHrzr1t,UQFZE
Supplier#000009961|mzznwxAlU97eIjL5Lj87oXPVmmJpANU
Supplier#000010030|XIjCJB02GkhyDsLtZYoKCf
Supplier#000010045|KXnUVTcc0M4 64E5 AnPc5A9uTcPDALcu 1
Supplier#000010062|CrnvedUh2fbt1Ev1JgYdYxyMi6VZyfYm6RGy0O,b
Supplier#000010104|0SSfT7hcmgdwtKOupMHP7Z
Supplier#000010232|sJwfSOA0raa64TVBxHWoIJBE kOMUESrp54Bdx
Supplier#000010254|OInOvJBToGLf,TjMG
Supplier#000010499|AmZQ39jp9jb1Ji87VMNGPqi
Supplier#000010706|houPDPDQlH44JTq0CE8ABRYB2VO7Y6kfeetR5mY1
Supplier#000010818| v7AqbqLi9ueCBsGv77wvgb1IFijOfqI4f
Supplier#000010831|U 3eu8H9dYazyG8j
Supplier#000010862|G54lJYVH tzyHghsQywSFVZr33H
Supplier#000010910|HxaV9RViy9bbpmdOd3IOzKpCW
Supplier#000010917|vHlu92hjjZstrDZYtd3
Supplier#000010940|MreZrEjq0Ni
Supplier#000010967|nqaFCNodkM3h 7N3bR4xp
Supplier#000010990|Cpu6LRHkpP71cbB,sP04lEAeOjH50X5
Supplier#000011134|EqPTdTqXc4tIOezns
Supplier#000011187|FV20g89TYWj8yyRbyLLBX2tpewMFq
Supplier#000011241|lrWx4OI3YEzWHqxBA8dGdL5a6YGMH3u bHz
Supplier#000011257|4IGhOmr6HDiWObl
Supplier#000011357|2HwYGPk8jBFGeKEWPETM0l
Supplier#000011402|JEQ1cq4tLRUPKxJBYCmwX1t
Supplier#000011566|6l1U1fr8cA99CTk22gKu
Supplier#000011767|cjMTk oyq8VzuWL8N mjiSAld2LmaxYtu
Supplier#000011843|fSG8aElPRJxrsFY1KWflVnRfb8kZfKerkQbd
Supplier#000011861|h7CY3c6zFDs9IBYaj9q,Ay30GuSHxr
Supplier#000011871|xItX4FTnuyJtsimu5,L5xeM63TWmE
Supplier#000011896|hSIRYZcc6HF1vJdaiDlFngQ5
Supplier#000011930|CIOIrlidCq6X6iJkCeslTt
Supplier#000011934|FOra4RvocgyTe
Supplier#000011963|GwCG,gTNknkugYlEX4M9r
Supplier#000011983|KJJeO9rLhxtpB3ZHaB
Supplier#000012127|90 KkLyvnmyirsOZ4v2JEdfKeDx34n6T
Supplier#000012319|0d2xNmvz91u9V6PB9ag2boppxWMpnksz3Od5
Supplier#000012362|jAIHgfXpRdhwnma,umRSGxyay0BSLY72qnH,
Supplier#000012498|NDmfAAGJ1zP2O9rOm WEwVr
Supplier#000012499|BkBRcfuD9m,rozWZLqB8
Supplier#000012526|1S3ututx71iL,zu4,
Supplier#000012530|SjK92Eh6CbdSZw
Supplier#000012562|sYfb,o2fczyMS0yVmIRirUm1tIp0 fLhqATK1
Supplier#000012684|,KXzpyVrBK5lCHmk,
Supplier#000012753|eC1pl8RwRu CyGYcq3gQZGfKadRv0YO9jGdy5
Supplier#000012816|nFrBaugfFNCnGcNtB4hvx6dfXpXEUXU2N
Supplier#000012878|iIj3NnQnH2gIWBil  9JTuYxjUDQoWi75JSHOT
Supplier#000012932|wysYo7J hLIc62noELECHG0B7OTcYeaMj
Supplier#000013065|iPM Ki1omzUvQY8
Supplier#000013091|VxRSXX,1hKX,Vz
Supplier#000013239|tqRnLDlsi7J3KfXmtUe8I65j0sdvxiujZaohmC
Supplier#000013297|IGiMSzAixMlE,ntu,Va8sEI9HmfsNFUJ0m 02p
Supplier#000013356|JHUJPWceN8GDxKXyI,E l0b
Supplier#000013425|HUIlz1n79s3ZGGtr,MCWv26U
Supplier#000013488|enGho3ctialR2KPHI8lJ plzLgtG8fwLccL53
Supplier#000013490|Ouhl7QJHxzAyVEB Jdc9cXVDBj
Supplier#000013539|OmmKWmyXnfFrtq
Supplier#000013541|pVs FifE a4fD9tEo
Supplier#000013543|jllASkvb5IombcGXdwTaBqFkXkBGemwTorEUEqzn
Supplier#000013566|w4836CTjXuY5R9LnNisEL7B95eiUUq8bsNpvjH4d
Supplier#000013580|YdUz89pW6aDo3nxeJPUH4Pi45fayDF0
Supplier#000013635|bm2 g5Z8 CWwAK3mFB 5fXQ fOzrhkocksIg9WVB
Supplier#000013643|v0UKPxNGzchbr0KwVFwovoCAG1be9zrTIDaG9T
Supplier#000013659|dMgSmfQAkaJ4WqAdihf1bj14h7aeMR2
Supplier#000013722|qPC1f4LK,NMfRk2le ML dJvDJTFwyyW
Supplier#000013723|RMzBe RPYK3
Supplier#000013783|p7b3eMf0szZeE4f7kmDcA
Supplier#000014009|MxyueYxdYQA5fHtSIZIbh
Supplier#000014198|cLa61huNMVmPCYDaeyzenWKK
Supplier#000014255|iFbmuXnbgjtJSqYpX7wr4W06hVOis24
Supplier#000014300|vev7Vyvip49si7dNj
Supplier#000014401|8 BM9lZk61LWUI i2U8jXD4V3iEoo7
Supplier#000014456|xp6nZtykh vMwD0U1xR
Supplier#000014475|wh8un3kDeE8MCX0eChKKTDfVCqlPwLMWufV3
Supplier#000014499|rkSAWrQjyk,DJ6ZdMa2p,XYp8miosr71R
Supplier#000014553|sL04ZO1Jyfnhm
Supplier#000014562|3WwwJEEKAsm5v4X39NZY
Supplier#000014640|PwIUsHK2vS3SR9UvzKAboRd
Supplier#000014662|fpk5iEgGJNtwsy,KueHJ
Supplier#000014802|Cp3z7FpRh6TF7AUF7a13vEu8AN
Supplier#000014889|9LXmve53H3O
Supplier#000014900|Kpb,LzzgbvHQzD55ZAruTaegw0S
Supplier#000014916|8GzsfZqesk8O8f0MOAf78
Supplier#000014922|ZQ0ardxrzyetEf6
Supplier#000015037|l,IAv0uegFpAC7bLra
Supplier#000015092|OvO,TJWyHWVwJ9
Supplier#000015096|JOzH8A3xKIO0LhpmZtn4M
Supplier#000015118|4NQ3W0GGwI5CDHxAgGsg03d qV bup0E5N4x5
Supplier#000015160|FPvUzE4Vjga9nSrFjyuC
Supplier#000015181|HmbMTGFLsVQRlLmo0JWLJ,zJiaHLJ1mRpPum
Supplier#000015198|vpSNoa82NlvzFc
Supplier#000015351|L,gZspekxzPce62HH4WKRQNe2TQl9W
Supplier#000015365|7az8Gu9O8iU3TK4bP3GTGAUROjBjdm
Supplier#000015461|dGevLO,L6piq0I,o
Supplier#000015472|s02FbHd,ParIv4x0egzzECbTZpVkOjhtJTb9
Supplier#000015492|o6UKflyQWEyb9DwndN2eyHgfYLbsENSehD
Supplier#000015509|Qo7Secu5QGEPSK1
Supplier#000015579|yTiZV7rUgYn2XnwQxcnJ817rdPLPfarUXD1eu7g
Supplier#000015593|9VsUBHqAmUT71Xp3QUaw
Supplier#000015677|,zdcdS9xY1X7wd2Ou2KCjM PMwnd AZ
Supplier#000015685|VBild6uz9iBrN1bvGFy2
Supplier#000015694|IsKqK78oynYfRI4z
Supplier#000015711|ExtIkTUE J5VqTrEE6y
Supplier#000015772|LEq2ZfT9AH00c5hLvii
Supplier#000015788|2yUbYtQnM,VekFZjrkCqUdbAbU4E fp
Supplier#000015791|q,vx0D22ot3cX,ha6XmJC4N,9GGk
Supplier#000016040|f544VZpVb1WCSmvHLhEJVb6Sp7uvUjvyoS
Supplier#000016044|,K6SrYWvd SjRYkfTn
Supplier#000016054|cLqrYKmyeG2B,vRs0qQbKaA0RaDAwiuUgUG
Supplier#000016182|uyIUpQyOA21bW2mfq61qebiVmfQZVzzXcamcNHdh
Supplier#000016236|i,0PInCCKRKNecjqQE0M6w7FyubXn
Supplier#000016395|lKLkr DrbEPjR5UxJcUJ1
Supplier#000016419|0ycR,pFNkMQEn4bILCvDd9B28
Supplier#000016463|uBn,fvFOeaA4oxR7YpTRhzXCmbIdekU9gMwGn
Supplier#000016556|TI5a Igfzlm2FXo,ba3
Supplier#000016717|sjKUemUnQsZPgm4682tNT3rpBjKjh
Supplier#000016749|JI71jLJQgb4j6eOWxQnWa0tF
Supplier#000016774|4fVBEdN67EG1C69if NBY8BaE2pRAtli J
Supplier#000016788|8kD7F,jXGUtTzG2 6VrYHihSGdP,t,yYzxu3CNF,
Supplier#000016865|RqviuLl1U9
Supplier#000017176|rilPgncl2v6AtbtW,P4IQPWU
Supplier#000017246|pU ohjMn1d0ch9
Supplier#000017253|UOaREjg0hgm8PpxEaV825mZyM6qlynEaRzUN7 AP
Supplier#000017271|2j7m830lmCYtX ojIs3
Supplier#000017319|021OG  OjyJE3c,oI0jSu 9vxH37aWAan3sOLpT
Supplier#000017416|JAuUDEz2geWYrfmiWwUKXiKQD3rlnTbxM
Supplier#000017497|3pmuArHaa5sFjZLXXFtVVxBV5cfgswhk1HrTMKd
Supplier#000017650|I14msZ3oWA
Supplier#000017683|GnQyrriqIozsoi
Supplier#000017717|OllQHMseSE9nx
Supplier#000017721|akVCfRF13VIZpGLHTuOmjmSOE4F,bOSyXUiIUya
Supplier#000017784|Fa0LctNHWhb
Supplier#000017791|etRwroUKXf3G26q4jQCDvfwtPWV,YKMS7t2BB3ZI
Supplier#000017888|5XF96oe5GlvBZD MuG
Supplier#000017894|EnA8OBQydjiNBS9CyqFEY1Rv1ERR
Supplier#000017921|yo78aUmSap53rfPDV28ZfnKQNR5XDZPxw
Supplier#000017950|FvQuPZRbNdMHe8Rkwbc
Supplier#000017986|CWeh3TZ3Dy  MI6rPRPu6nYC
Supplier#000018020|12aeu1ckHnC4sERAaZaXINbbA6dI5sHl6
Supplier#000018046|pE0d3d M duFo
Supplier#000018056|RLgRnfv7HF8IoyCpqK5SF5UA4JuVNV4Pm
Supplier#000018120|gbSWzTpDmYqTwc2LMTe ,Sdw1b1CrOWl zn,AS
Supplier#000018149|g233s0J2i Q5W7ZttSJiPdmBhc
Supplier#000018160|zib6eEWKZSyWmt,CsGLRPNAxEA72cPlIj04qCwS
Supplier#000018165|ZtmdgKym7ylC
Supplier#000018169|qW bgs3Eeg4c4,PzkU tqE,843L
Supplier#000018183|DMUyosJlNQPyjCR9KoYb
Supplier#000018189|,wHBihz8PKSwyMzkewuByJbwkc6ACfL
Supplier#000018190|t bfDD7fCFdFoOAT2LgpFL1UYZteYaZnuykk
Supplier#000018269|PQ,1hlab zum4KLGYAvoSizFg75FqmFowwNCuD
Supplier#000018313|86Os1gr9JMaBgIdW ixDverlZbDRwH
Supplier#000018322|c0oC3sjngpibJn
Supplier#000018481|msAr4drP5DAZg
Supplier#000018611|rh V29cpby0f04uo3ypIuIzYbyRSHi
Supplier#000018614|PRkM1Je2s0EfAd2WlFKX,Jwo8,HeXsuc6UcsMN9B
Supplier#000018626|BevcZupMs1FhjLF
Supplier#000018664|JZACbhOQBaQ7DVt5BsZeb3g7M
Supplier#000018698|eqr6qN418ea0
Supplier#000018967|F8LlmQPIjFwq9CvL3bpx
Supplier#000018983|V8e2DT22fvVX,x
Supplier#000019004|HjAvh6AhZXt4 V5x bmmnYuTq j0aCZvgmPUVV
Supplier#000019032|J1uKOAViRRNSkxHd02LzZr2uqOEYh6nmCln
Supplier#000019144|MhjAjK,sEDKv YtPE8WjhX
Supplier#000019159|3C8QxX65D8Z4vllYqekYo06naiI8FRwWD
Supplier#000019223|vv1QdFrKqvLK6uCXO
Supplier#000019257|DzwJCiDDCBBnCuNrw P56rXuLQ JdeaP72SIrh
Supplier#000019320|uYQvFbAwjgS90hO6Iq,QQFQYwl1,of5
Supplier#000019347|oAIGWNTMfkqQNQW1O TG3ve
Supplier#000019421|fWqnpUgTvlfeoLBnh1EFU,NcVR5D Rhhks
Supplier#000019488|Ht9sQaTiUNVGmc jjzpDbN
Supplier#000019541|pNJBZ5YL8I32QKojhGfTG4bHsMKRfk7jTMf2IuS
Supplier#000019542|VKINy8EXbPmohy
Supplier#000019556|OXRSHzal,0LD0fSi3dL6eOk
Supplier#000019581|eqZLkyRjl9 FjgWda
Supplier#000019621|FZ4aTxSxxu8OR4SACGis,ozXIn
Supplier#000019649|lK00BuZb2drcZmUyQ
Supplier#000019732|KEmlLdiCKSH,
Supplier#000019783|A5saQlxXl8ksg8WUVTlQTTLm
Supplier#000019833|rSJcCAwrC0xi6ENqUAN6vA4Z
Supplier#000019835|PooaH0nraq5LMmDfY5zQI
Supplier#000019985|ywux 35Jij7WI2pmrXEoHtKWJPFsIa4
Supplier#000019991|Hsv1JEZzE9cejC11JJDStSQ4EEMPt
Supplier#000020030|PngUrDesVoUm1brT3vhGCXMOXWr
Supplier#000020044|JJ9Slio8s6UDus5jl0NUQzoQVqAB4pHWAL78EpUE
Supplier#000020074| xin3zTE1p5sYt1txkMyJas46TWZ0TLu
Supplier#000020083|wVpdBjMega13LmH
Supplier#000020100|Fxb5xSpLln7ClqisZdx2XH5txBZo4uzCsWiSW
Supplier#000020134|tt5Lbv,SE0XzZJPa7dKst
Supplier#000020235|3ZmtsWXZVxYDIE8lRpg2Q2
Supplier#000020344|hhcB7mg6wZ2WGavS6qkKjOZj
Supplier#000020385|lmcK88LSjxC2XlEjxga0k
Supplier#000020435|90ED,sSxC9wFzJGCcGnf0NVgib0vXoAT MOuz5dw
Supplier#000020599|StPKTE7dWlG9gNJBkpKeOuGy0Uwy8
Supplier#000020625|Wcm,pG8ovarBbWQOCmz81dE9XJUoz8iIrw5Zp
Supplier#000020692|IiNeVjobU0PwlrCZ1pJW1TjKjPO
Supplier#000020694|RQY,WIK69rP6oaP7
Supplier#000020728|o71omfqRcY6gx Uua9oAGlreC5plIY3DFc
Supplier#000020729|9Fcby0xbEF
Supplier#000020757|xhklbM10,aOVbwBuKVpey96hTSKLAhkQB jKTRhN
Supplier#000020915|o2Anlblh,yUXbwl
Supplier#000020923|FvXaq,0skLf0697cGz7AbAxEzfJAMIL,fEUe9JC
Supplier#000020925|1e2J ELI8QI80E3BAGy4b r K0zS28dy6
Supplier#000020956|QgdVm0VXLf3Oxa0TlyMcKTqM v3Bb
Supplier#000020965|7o6AAMsyIMgCIMI4Nr1qyFRBJ
Supplier#000020997|zXvbCqokNXhdl624EaGc9LzSrn1Rdr OtAgnecRu
Supplier#000020998|YavfijWO2x5WniE
Supplier#000021027|0CPzlDmFcN46r6rK
Supplier#000021094|osN3XzqUO60DDFB2 vi6QiIuyssD8
Supplier#000021124|OjfdHbalK8mtwt511RR78S0zjHVaSfLiR
Supplier#000021203|Fr,ufMbPzjpiV
Supplier#000021286|SytZqhaF09g
Supplier#000021313|1OZW49f3DzZ6VEF0oWqz4FouPODdtnVlj
Supplier#000021336|7Y3a8I6zkajAOeq6j6cBIn,9O5gEw
Supplier#000021376|SdqzsOtHUmMC3c9q4ZaY32SMbIRTFi83yTX
Supplier#000021389|Dc8bvKlDlzzGwk5ET7idXJEkiSLzrI8
Supplier#000021451|hE1bEy0Wse5W6cdwN0JBEYchY5hdzL
Supplier#000021468|yMyeqW6VdxPLJmboTgi
Supplier#000021507|6btAFrA9giCS05f6W7
Supplier#000021524|kRIHxJXeXAAuFUH4s12rB
Supplier#000021649|FywWZq1IuYoaa1aTQDjRgMrav5qv2IaL
Supplier#000021667|wGC,g40fdOd
Supplier#000021672|e6148ug4Xm
Supplier#000021719|,Lyk6LREQXMLD2J
Supplier#000021817|JGcINMxHtWgZkoOS1CGU 5pmGi31m5lL0Joeai8r
Supplier#000021835|LsivchkTAHzkhDf6g
Supplier#000021855|y8 c osU v7w9EieMdZO SQhn6TepeU9Gh4dtLr
Supplier#000021948|eQfRFR0uSbFRGFjmMqyJi
Supplier#000021956|lBYYkeUoWrfZm69dxIV nAE7RLBhUiJF
Supplier#000021963|qDgYsYWxqr8566kwqDBc4w5,Pzw
Supplier#000021966|LYPiQ,J1jzxCoHpeUIPm
Supplier#000021981|HQe5HYcPWhG8P9O
Supplier#000022015|PX7,imvM0,55s4 LFTE9MO
Supplier#000022020|C1HuDxTpWi
Supplier#000022072|YnCVnEZ,UxY,ng6qNn
Supplier#000022105|NJ H5SkSxX6I48xl3t
Supplier#000022353|WnJT3l88qAX80dLa FvBN9Xy5gJ
Supplier#000022356|BxEtIQoN35o
Supplier#000022359|eWZg EwLXCmV8C4AIfl2Kd6hpTuYRoQ
Supplier#000022499|guRBe7jZFXscceUa,l Y7mX9jhHg6ow
Supplier#000022585|pBix9u,tr58
Supplier#000022586|I2vIIVhZN3Qqe1,jiCMqVGN3r 0CO0jH29M
Supplier#000022609|5QjBX5InxL0pXn
Supplier#000022620|lSx Z A6UFE
Supplier#000022628|SUKfFUI2IdzHv KDUF,onC1rTbR451D1HWr5
Supplier#000022782|X03x159Cud6lY
Supplier#000022931|OoOelmxOoynoR1w8WOK5oVEHebctNL
Supplier#000022972|DR75MMzphT19,exczlCBfLac 
Supplier#000023037|8NQV6NtX16fWHIDoLRLUyunWcX9h
Supplier#000023039|zYNzdz7YrOgr6fNxFtwrgQ6eFMc7 uhj
Supplier#000023061|u5TgR1NxT9iNhKrAaFC
Supplier#000023150|,1URkAGPVqvQuw
Supplier#000023155|PS2n9B8dO2CQ9ZkcUp9e3oSJ7658g sJJ
Supplier#000023235|jetMWVmlMTxa
Supplier#000023284|KDXTkUNEWR94OsG2F1Bn2t1Y2GS
Supplier#000023328|jSaOdBSYETO9gRkgkUbOaoNTTxrAQ8E
Supplier#000023617|VWAfZsQkOLUHs R6me
Supplier#000023639|yR6D5FvmvCksicqDV7,gWYNSLWMyEcC
Supplier#000023725|7cVax131SSWFZOgR7Re2cS3C8HZfC9Xxjlyqj
Supplier#000023812|tH3p8iZapHL0Eg
Supplier#000023861|Te3T6XuQoETH
Supplier#000023946|kQuVQw22SgO0tTz6kUaZCH9hvkKu
Supplier#000023994|ByjfYwzxkZLxKS,
Supplier#000024014| Ntp2ga5uIK
Supplier#000024176|RnodZfytWGZC
Supplier#000024273|sJEy1DStWNhbTwunlj0c
Supplier#000024299|5PSC15dbNd2QlsOa3nDni XXC
Supplier#000024320|xi JYagTWfccnMQ2b,0RsyCd
Supplier#000024424|IeZ58rl3podkIVqzihiKK,qVBbsm7TyX
Supplier#000024507|aAeSM68,luCqAPvLQI
Supplier#000024563|AplnofNJPnJJ8FolxzqxLf2B4ocPnwLMsbeKa9N
Supplier#000024595|UZaNagV5yYIV3Z3Z0ERuviVcvj49vS88
Supplier#000024779|UmZoxEgFvAk5Qit
Supplier#000024851|u78rfDOvLs55IL3uDeeGnLy AwJ6
Supplier#000024922|bX,6r2xh1be QuWhfV4vQQYp2DKZ
Supplier#000024982| YJWQ,wBEpJMu1XArgUDR
Supplier#000025004|4FyHb9li1uuAFPzvKkrr CZz mz4h x
Supplier#000025045|bradkSb HchK ibeIRIV
Supplier#000025060|rv1CuYBxTp,eW1brioFBbUag35WEsbfNn5iYy
Supplier#000025123|jQnxoB,GUzen6g2zrSRhGAxmvW
Supplier#000025130|11JzQcoc9SaAzhfQYJmbjYH7,u3jK,LVOPt
Supplier#000025186|G9aE8l6JDLil,xlRiHZgs27y,76hB
Supplier#000025251|q SGWHrSdY7V
Supplier#000025422|TjKzK6N9tieD0PAPZ0hYN0I
Supplier#000025460|5,t gslsZo0s03RBKTCfCYmBO2LaouXk8
Supplier#000025490|WYE4MlN3EYZzlxEnYlA
Supplier#000025603|XCZ0b dBYIE0MYaTu
Supplier#000025659|hZHeoMgi4YRILnLRvmVKVX3F4CE
Supplier#000025772|8wnKH4FN4bSj2jn1YG38Ruyb0,Ofcmk
Supplier#000025778|nHZ8dowK7M
Supplier#000025779|0CFnrzy RzBrGQf3NnwpSym54BuqzpiZmZyrIX2
Supplier#000025835|FB u2oxxuFuU2QQrw1cYp9Cvwj0gxd1mXMm
Supplier#000025988|mXzL854VJ8Gb3imkL
Supplier#000026050|C1CkFjXmkatONkDOg
Supplier#000026189|N2JjzCtrwfi9W
Supplier#000026255|9jlQWEkjHNpXe6gFzhZk
Supplier#000026507|YFKNZqOR40pFMjW
Supplier#000026553|I5SXoksUBmiOTR08SuZdgKsqjiSVL6zy9NoT4eCp
Supplier#000026587|uEDMyl9xEo4pn
Supplier#000026605|,BANimatNybo48L9gCQm3nZmpg2jiwHRN4AAAR6
Supplier#000026614|1HWcjIuyeEIcH0Eh
Supplier#000026719|nFdcMlsHnZub3o0tIPFGFI9TV6BPZKwdYAq
Supplier#000026796|CgTf38Qf,ZP58m
Supplier#000026835|Cee1Rjfu,V0U0uN
Supplier#000026844|MUxGjEk5kcEIG1J7
Supplier#000026879|yQdw3CSyh15ySrBCqlkwuOW3X
Supplier#000026992|30mjDezARK7d1,CIPmlm
Supplier#000027042|Id,3auNzdtCpnMj2R4T88m70ZNa39giJ2
Supplier#000027140|sWnjZiKSLh71wYTQ63zuG3Q46oql9u
Supplier#000027275|jTUtW,THaFjTAiwy4ypNxth2fFwsStAK2
Supplier#000027284|fN1yPkBH2k1P,dgidMLb
Supplier#000027294|NGjKe7KaqEDAmUmLjKqKXXDY
Supplier#000027333|VR8FePg7XrJYen7y3JqBfxwPN7fS7WZEuVd
Supplier#000027425|0D6tVDcNRLkYgT2
Supplier#000027457|3sqBv4iTDwOkckfdUCL,81tXUt
Supplier#000027471|VTMuPJKm,ZFjbJKdpmr7SLNlvxTW5k28
Supplier#000027472|Tj60XDbbUYLInCML
Supplier#000027505|u,GR63FBq3yYEt,DFtR42Q
Supplier#000027520|Mt4p0nHyzSIVJGmnCRIRGNnx38ZU
Supplier#000027585|7Mo59jM4GAAZH
Supplier#000027686| 2MS8y7kKHda5cYamVuKeVfHuUF
Supplier#000027761|kqjm5 Zu3 kzXWefMpqw2mdAQRhkjZs
Supplier#000027861|hjGPhDRenwu1FYPEmCBG9,EDECB3FO9K
Supplier#000027935|TeaCp425LVGtwUCMlfXJ gqwdmRMfVC,QG5
Supplier#000028034|opih3KI1RLgKeXW87o26ZeQ9qRFFVbLslrreRKt
Supplier#000028038|l0dP8imd352okBdQdML9JBycB6
Supplier#000028065|4aSCDvLN5X
Supplier#000028108|VHwhhvjKydoa Ptxuv
Supplier#000028142|2qFm7IbmqgOPpSR3CQuf,ttgGRwHFK6wyfQBMpI
Supplier#000028178|sRyT2HQ38fge4Dd7xRHk9pIweFxxLKZSaP
Supplier#000028190|TfX53TVDgdKsUEc0eA
Supplier#000028311|xez8,mVTquevunCIvl76nDPt
Supplier#000028336|IDyol0FIKvywIZFjiSwV2Izm
Supplier#000028401|j0Eu9KdbydP60K94fU4m8avi
Supplier#000028428|h1KJwVjNYgS38Ch3ZEQUU
Supplier#000028480|yrei,YTtbbPJlmLiRQ Vzy,Twdi6
Supplier#000028578|wQNLiI9ZQb8qykatURnn1oBhVTyHPz1z
Supplier#000028741|5UJBs84c ,,ffsTUpJD,H3fNvKlgg1C
Supplier#000028774|M5W0PiJBtu
Supplier#000028777|cTZO,Djj5Hx46h eYah53KgkwyTKRDXQzo17
Supplier#000028795|ljCWrwy1e4S69RZRfBhXhBaj
Supplier#000028797|Y6FpCJa713DQb
Supplier#000028856|Bbv8ezZpPmR4ShsDSnmmXjfmdm6UebafKPOPJ
Supplier#000028920|8yQT3g gN2
Supplier#000028998|jjn9ln796eE2F3KWRolEthZNKsQo,
Supplier#000029167|HiI8n,c5JKHfioJG7lvGQ,ezLjkpSPKNwp,
Supplier#000029196|Lqdg2APEOJZUGGZ664n2UfoPRVJPbQSC
Supplier#000029353|3BjnsJkGqHSjdChnMoofZC6h
Supplier#000029381|GjpZforUCa8e2qO
Supplier#000029432|kUFbIi9JIj8W5Mbr3Ba9F
Supplier#000029435|PDmozGMPwgNMu3sKSx7mrZK
Supplier#000029456|1tU5u3HMNuI3A
Supplier#000029468|MBiy1Jd04kBdfkCe0T
Supplier#000029522|p,NEe0pzd2f
Supplier#000029547|OOslsC9z05LCJej7f5Q0nNZMOYsqvapE
Supplier#000029634|Ou6QPS8,T VGJcMHF9
Supplier#000029640|4mjz11M2ItgSkMvE8TtihBx0 X07S5jl5jb
Supplier#000029660|xBG,WBodjgj1Pv aH,lu
Supplier#000029718|hcG BUcvaEUtM71KyufwwzNt0Sy47fWMqV9HaD
Supplier#000029813|4AOcdWh6YtPj9
Supplier#000029858|X1yClDsEp0B6ojfg
Supplier#000029931|NDqzvCs8Dd
Supplier#000029967|NUkcPYtf5hCq,wSnB IT5jlB72f1z
Supplier#000030009|eySXqyZUrBZqhmFnz0UZLF50IZ
Supplier#000030024|1V2q IweMO2IGp4YIXzPqj5uc8CE2
Supplier#000030057|PGLEfdZYKv
Supplier#000030142|wJYWKgMWeHVP,M5CLqLclAf3,SGjMHMd
Supplier#000030147|qkdA B,DcCixjxDwa6d2JqIdYlw
Supplier#000030298|x0XEQU4Gdo73gGJK,v3w
Supplier#000030376|dGnhyXAhw,gG,GPgsPudP2z
Supplier#000030455|z9rlze8AcfqLfF
Supplier#000030506|4 yBk7VDZkI
Supplier#000030539|Cet60otzAvQ3P2,2enQW
Supplier#000030590|BAgPaLIXKxUmfMRwX
Supplier#000030602|,6hbFkqZUPszKP 1j0PmPjZUNyu2qm6
Supplier#000030603|9,u3of,jZVyJ0O17zU3WQQLYX5
Supplier#000030619|t6fQuDABgJ,6y5aNrm0O
Supplier#000030667|diDpyUj1yTree6J
Supplier#000030689|4odSHTnCpmNtINwtQB1A2osY8j4EB,M
Supplier#000030700|zJLagU3c2VwxhIkH1OkY21Z
Supplier#000030706|72asL3pIeNi3aNPFhxIvnFyYF fv
Supplier#000030807|7Ig2STRQLNZgtfTTUiezNyp6,DRXt
Supplier#000030853|dNZ72GMITYTefYTo29Gp0udig7L,eu0
Supplier#000030898|Jl7El9cn6wKaNOBZ8wW
Supplier#000030946|OBj9rufLWDZvIUzRlzr8ByUtWSv
Supplier#000030969|cMHPFTqDoQ3fCunI9vh
Supplier#000031025|GiamWFgIDTwRL5aBrPvKkRU1dkiyZ
Supplier#000031246|5HcKVhabI0dMLdng
Supplier#000031454|7QqWOwDL2UftrM3AioxEs4R
Supplier#000031594|Q23oM0bp7ypHkz3etjfMgEtZEAWVqiK
Supplier#000031640|YB454XudYf0XQvjI8udflYY q29Oa
Supplier#000031879|6k1LIee3Et3T9d7kCrsfAhKn
Supplier#000031887|AoDJv3nbKeuHdg7 2lXNSth
Supplier#000031981|MRbqnBFpvt4nYcxYoL5i,sCBAgJG20
Supplier#000032001|tHiUF55lsGARAzsyysE64pJ5Jp1Q
Supplier#000032044|B,i4MyQUnvvIllZbxpTljUkQdF5h
Supplier#000032063|xYZXP9baVV3uO5,GwlfdMgO
Supplier#000032258|6dWgn6fFGtYBuwPj256Yl2sk7exze8PI hBCVS
Supplier#000032269|QLtBY5B,h0lDBjQ 9B5KXBmABryakrdlkrcPr
Supplier#000032447|VTIVSMRVDskQ2TYRiZK8gJ2gJm7,VRvcv
Supplier#000032469|SW4inHh0ecicxFMhFtNkq
Supplier#000032488|Krw19SyhHFwFmOgGoM4u
Supplier#000032510|Je6YGVD2KU
Supplier#000032555|y0rX7rF ochGX39m92OGZ6zTBYcTbcTXfk3DpUDV
Supplier#000032758|FOBETe85eRbYJ GwB,BWchl8Yswk9nY1fDgHl63R
Supplier#000032983|judMUO2f9FgNBdvc1j4JeequFoibTnka5sxw
Supplier#000033016|wrUId36x4gdoSeiJsMLYtKH9jn9u4o6AF8Z
Supplier#000033052|im4Py6lRxnD7s2VadmBmS lhLY30UoEPa,w4
Supplier#000033078|q8xveZVyQR,sGACkN7RnPfHR5qEFt
Supplier#000033100|f9p4Hgp7CQszS6ODOVBgRD
Supplier#000033147|717GYwgP,3q8
Supplier#000033203|wb3CpsJYOtWPHmUl YlTOOcrf8KN0LNUNbwUPw 
Supplier#000033239|3wgh ESc4L0cAfv
Supplier#000033253|nXZYlOArs8OZuhy66XutRazSCqUOPH
Supplier#000033259|0u2xd8CgfvGyhjwT5AzAAWBxyNM RCDcaPH1QTxQ
Supplier#000033272|w,a2oxqDkyWf81oXXbt
Supplier#000033274|FFcrIcijr1XcbADxLMwVSuWFQ2AyFsr CuCaXcEp
Supplier#000033308|sVmTYJac9rrFhqaxFpkVaMEv3ZXEhI
Supplier#000033388|rWmgGB1cQkB9QDr fEt,zNOU1D2rfPgZd
Supplier#000033432|mWiU0Ycsp6II9Y2U3Y19FU
Supplier#000033496|6fVHyzPgM,SinTxKGoIoKK1IRh9sAFs
Supplier#000033658|V9F4KkTcqL
Supplier#000033760|TXC0XYdzW7Rnxt
Supplier#000033770|frCXedotlg9sYlOeyBUbFvyR3Ufz
Supplier#000033818|Omc6QqhPmICs6U265,bxtGhyi6HB
Supplier#000033852|x kC,1i,aK6y
Supplier#000033918|9rE IHNlVNFyKLRELQkVmjT
Supplier#000033936|Af9RaddmQgSHxqET
Supplier#000033969|AjS8v9mQOgoM5Zrq8BteeZC8Zq72U
Supplier#000034032|1MENMuw6RHHWQBO63bttvim0
Supplier#000034104|w,6ym8kaqnCIEanH
Supplier#000034128|vvuFfKysIrU
Supplier#000034230|oxttMO7COKS0LBqOuLaRWeC13 CWAs0jfb
Supplier#000034283|kuavFLBrStf1s
Supplier#000034405|v3tyO2AWWs, R
Supplier#000034551|bqTe0ATs,3s1cVbdQbGtdvYKSIV
Supplier#000034558|Xzpg3ExDD7myoF,JZyhji63U 4Bzs1Ows7NCk
Supplier#000034593|wVssPwe4IrKCTLn6l9ABxB1Q 4EBSwApD4Fhj
Supplier#000034629|2 xtxh7VogH
Supplier#000034713|vRfa48cG8vt5X5vb,VAg9YvAmyMKFh
Supplier#000034892|pAuHcGrEjPexxAj
Supplier#000034966|Wy5QpFAk34kVDj
Supplier#000035030|hssyEi62rkA7Z37sdPIzKRMEkJnrzCAWJ
Supplier#000035146| ih3dr3wMlxdvoVB9mHPF,JHER0eEy
Supplier#000035178|4h1xIxbCjVsW0mP
Supplier#000035220|KDuYl6QnT3l,
Supplier#000035224|UJA g8mULT20xzLyIeKZ9U
Supplier#000035284|EOYA94x0ahm1EdrE
Supplier#000035295|PQtdJU2sni8EU59W,q H6S7JgGC
Supplier#000035355|,zLXxLSTPq
Supplier#000035386|1MhfBt5s2RfJrtVNpar7q
Supplier#000035391|83zx4SK7W5otCKDCmgzL5XwrVl
Supplier#000035440|0GV7NfIK0YJPdLeIObZn
Supplier#000035481|YfL1trkHASdIBpb15C3M
Supplier#000035494|Y  W53oy2v
Supplier#000035560|bIyn9lL0r5kvfzTVICTJfS76nfLTV8R
Supplier#000035642|zZM8rqatXuKFkem
Supplier#000035695|ccdAPB8UFm4rX1qzEAyPxb,cCgkD
Supplier#000035721|8kpQ5z9Na9RlCSJuMmXemll0csmkyG
Supplier#000035734|uRoluWS4M22BQRAi
Supplier#000035876|eQQo0JEBwWQAl6KlrZfEQQSiy4Ml6a v3Z6EJh7i
Supplier#000035897|96WneoX5wHl
Supplier#000035907|OcRM fIpguWTPeAKjdzoJaTW5CW2rKtpMu
Supplier#000035943|BjJfng9o9yd8yzcp
Supplier#000036086|wJ2ekoTYIOsdvlHr8,RZP VXpE5oVb
Supplier#000036116|JUPWVmhv1QBe1WpK
Supplier#000036124|o0Urz2 gnMUCzZiod
Supplier#000036149|eAbvtKTpqCV8,37f,SUCq7Xtf
Supplier#000036269| cEB2G0ucNU,1tD8uJSvZ4DczpSIL
Supplier#000036370|mxrMq2cgNFIQ6UNfuZNNLmOODGCq
Supplier#000036392|C6swnpl8P7Z CTaPDrxqPyUw1c2xCBgE4kjM9EfX
Supplier#000036573|jda4SgBEkA2YVShiRIqPep9ZjVdVkAl
Supplier#000036580|EjdaPIrwH 7
Supplier#000036690|Eao cuGg6A6s66fl
Supplier#000036838|MMBDKjpmvgPC9NoXPNXpdCD7HRqcV8
Supplier#000036860|2uf7i51mKGvuPZt7pL
Supplier#000036881|e,rMTqzPHZTVWsH2wxWyiJvqYnLL
Supplier#000036883|bKa4901DvADLt5kiZaaC1RD7wVWYRQ
Supplier#000036916|QVdfqQBigitah6PYEd5qp435f pNDRKEmbhAlDE
Supplier#000036961|lXoFgHd9XG
Supplier#000036982|vKiqkbpLK4Rqudp28oKxR3yDwgms8
Supplier#000036989|u1LbMBbfL4kGEynUVE
Supplier#000036996|Ps2owxnpG8kBFiX
Supplier#000037032|v3yYsIRYUyKC
Supplier#000037088|aOAWADhs346x
Supplier#000037136|aAcZa0QIpjxSSh6p1gB,78rUlUfI
Supplier#000037175|q12ub5CY WG5
Supplier#000037206|,akl4,Ge UUsZcp9Ij uVhNNgdNTM
Supplier#000037262|Zs1HVUiuMZW
Supplier#000037281|wqhnpXR2uJjvB0klszWEyxzom3fSoazGc
Supplier#000037296|lLbStMk,K6qq u pEhHnfe9eH sTnRcu
Supplier#000037331|wAGM2VT2I4paFhhobdnPLOA5V8RTbiUgcYKx4AvJ
Supplier#000037332|mt5A26WoXoyk5Qquwh8F7RyIycHJpBw
Supplier#000037414|Ek2IcLMTX6
Supplier#000037642|djYAiuqV4JekV7cOVfzMs9pEvHlXaKjOyGy83a
Supplier#000037879|XwjXh5eIDOpB9W6RRXlnd8zw5DiWDB3flF59Aw
Supplier#000037973|yWJWwHqgxBfxduCQShLJDopA8
Supplier#000038016|9R0CMFk7fXTp1cA8a
Supplier#000038025|CCHdHcal01MgyPYpKw
Supplier#000038042|GrGJ06PGfyDmXV4TAl,ivQ9,
Supplier#000038050|BbudH ,QL5uf5OtP5uAhuW617oeE2
Supplier#000038077|SlKN1BrhJOGWyzXReyFq1S 3oniD4jRU
Supplier#000038114|uUuWd e4K,6ca,w2XHcFw
Supplier#000038155|zIQKrFP82LztUq1EeVCZS
Supplier#000038174|p4d7bshTTg7HC
Supplier#000038405|meEEO5qQ8YT
Supplier#000038543|Sv8c7GHyb38gY4cnVjME7Y,zkaw7LU,hb2b
Supplier#000038596|DjH1hI9iqjYHLkr
Supplier#000038637|2wxYmJlvDRQf0Z2NBTNDT fKazYozXhGaLM
Supplier#000038713|YUsG11,NOUCf0ihW
Supplier#000038735|w13ynvCY7JWl9
Supplier#000038779|q2649R5udiG6dpfcvf0 Ab4zW7lVuQIb
Supplier#000038842|23vplQFjDnbJg
Supplier#000038882|9RjHSt JflFwzelRtjfxOg11VPPxNxq2MgsyLIYR
Supplier#000038901|ivVpED1HekiirbtfFqFzIb6,
Supplier#000038902|D4jWBXLydugnw R7kSJH
Supplier#000038941|cD4ipAkiYotLom6qpq,wWS2IH
Supplier#000038975|SDm82B42Mv
Supplier#000038993|spoxBwgYd8MdPh9jb7CA9M d2JOyNVmF
Supplier#000039171|jwK uIl7S20viDnTy7eln8
Supplier#000039261|D98 f14moo
Supplier#000039286|hUrUFMLochROHVbLWud g1sRgJH8T7U
Supplier#000039332|Ece3bnRn5WD
Supplier#000039342|,q1ALMRkoazcRcVsKoH3mBflYEisOl7OvaTdzB 
Supplier#000039428|zyl69pxv2vDDTz7iEL
Supplier#000039486|Zok7uhXCWjYU1Re
Supplier#000039501|Mrh2VlhgLFVNO0B2DXxu wOS ,iESV gRYFONRO
Supplier#000039511|QXPsczoglBonr1oka
Supplier#000039524|D0cPjKIRYImExGefGJg8vVn
Supplier#000039564|nGy51Ew lmxpRBVLq nLTfFsYUQ
Supplier#000039674|1ZTUKjkzvb qzOawOgpD5D3c2fVf
Supplier#000039692|iX0sxZojW3
Supplier#000039794|kpl4RPZEeH8xINXjQlfEUxuJWGOjjFpMzRP42Y
Supplier#000039837|L9w7eWQuckNWuSpfUzsUI4bmWAT
Supplier#000039869|DUx6KJkzLr
Supplier#000039891|M9eEoPez3M2r6pr8vzAsWx,9awuza6zGqFYfH
Supplier#000039924|SFf2FaxYwOcHbWkECYV1D0ObzhdD0K
Supplier#000039990|mBRjWOhfCq5o7
Supplier#000040013| ROnExUXMGEvzKarn6ietdK
Supplier#000040074|Ea9MuPg8uW6WPbAFI9S4ZOLnKo
Supplier#000040083|zbsjr39rdeHcziCP0mpT68Kz7SGPHU
Supplier#000040097|VCg02SIrdiiA E5YuR5D8PUB
Supplier#000040356|tkvKURZO9BAuUMqc
Supplier#000040367|1avBjyMY,vMinSmuI,5A6FXt9vqe nEH95
Supplier#000040378|0 1NsLOjTkOEUpf5EbOqKjfRR 55Jt
Supplier#000040547|Ku5Sy 970LPDtlIq98qvH4rh655Ds98PbxXKpA
Supplier#000040564|Wmm0J3WsKtg7j
Supplier#000040595|VirHQV ,OAk2NX
Supplier#000040599|xqapDHvTYCdC6,GTtwx81D1lnT7Lti
Supplier#000040656|E2iWekTMZM8HTs
Supplier#000040706|vlMeaieYYHD
Supplier#000040805|uPuYPEr DYQzkSDR3cTnj42C 6uOf6T,vlwS
Supplier#000040993|CV,2Qj1TuBfLr9RDrlnCRN8YwW,sgn4
Supplier#000041025|IIhNNkET9MK DVq 
Supplier#000041102|KrZYrJ9 mLXJOKQfRDVtWjSXhc9dx65Qz2VQC7
Supplier#000041175|CL4n0VbQyG5,6Y757tQ0aIEKlq
Supplier#000041190|hKlJAawHeHfRI87vDW,1HA25XNYRFf1Km80AHi
Supplier#000041354|hMmkrOowCZgRfFTphICuMSLxd1V0E
Supplier#000041369|cs9V7fw75SRLxQw,PwQ
Supplier#000041454|IRu4PF7I25
Supplier#000041591|x6Q1a5iZvBKFXsmq7U,bai6LSbK92Tnx
Supplier#000041603|FsHJSE8pq7BfDZzo7kVjThpTR8OyRj0
Supplier#000041609|1UyDwYMCySQT
Supplier#000041647|a1oNcKXj118mJt,NdPQm2Md
Supplier#000041673|R0L55LDE3ETy9GYnrAnedfNAjx0OGCW 9wufY
Supplier#000041692|5o9rve6hWh1DR6z2w3Os0AfszrDXZdzwn 
Supplier#000041703|w98o0GHN302dKRzbb4BWGHhi9YvDAuD7uJHRMzC
Supplier#000041743|o9RnSDDlcnFcu5EBVcYrV3HaAjYPTppV
Supplier#000041850|rlfUUDl0FBp7
Supplier#000041861|wMOCCcl9d7Odpd
Supplier#000041930|uhwKz1w84gZ0ckIaLfv
Supplier#000041989|4juZyV3v64aRR63b,5IYIpe,cucXuK6QGhBU53dJ
Supplier#000042010|9vDj oT6Iv4xWEZHuCcQnrEj4gSb 3Me
Supplier#000042126|,GLNyvMIf0OYpYu0lLIfEcnJTM
Supplier#000042154|H71EJVc7Al1Ua65MX0mntkkjm8R5YFI
Supplier#000042157|LA,Ji50fYNj6tJJR0urEjOHBHOqi,BugTYQ
Supplier#000042162|r5tjRhuTVJ1sh4E rj,wlbF7ghi1lbj
Supplier#000042174|fK8IW20Fha0vHHyUX,l7wDd
Supplier#000042221|TobzE5HL3lFU3CeZrm
Supplier#000042235|lvvRD0hp7Z9j,W7uIUGqKki0,jY0c yfwffp2bs
Supplier#000042254|Nf1,E0zkw BsNOzl5N4Q5P
Supplier#000042295|ERA735cJAZaNA4 OBluMiYZWlGGdiWyv77HWL
Supplier#000042343|KX2HjK,pVjdQJ0f81ia94Dx1Gq7v
Supplier#000042370|ihWAs22PKGoJZ8pCd1g5X0pJM,G2GdR2
Supplier#000042401|sDQ2iNNciCMQFtsY
Supplier#000042446|ko9ZwyHehwDjfFc34EpDr,
Supplier#000042460|VDYSEYE0sCNv8LH,rh7knzaP1sI9,EVBV
Supplier#000042467|cYjq quBJU,LVUXLBjSd6txYRPXssmsB
Supplier#000042536|YksDTMc0C4JqkAubuMkqrdEb5vM,NPCEp9X QW
Supplier#000042583|716cqI7c0uoMSJ3,p5T9n0EjC4yq
Supplier#000042697|7eY7fHD0uN4vXTBDsZjP6Mc
Supplier#000042764|QJBhJETgihRO6gj7enHFgxS5DI,WRslVk5vhtw
Supplier#000042829|LQzD37hPrgowQVT7L8Uyg,eEajl2
Supplier#000042854|cbHq4MZE6YWKxVu5G
Supplier#000042876|1pa2XbaIRrz49dWwU89T5KM,CPo1utz
Supplier#000042921|sNORh6QZpg1pC2nA1pRKrVHAPLIvQoC4
Supplier#000042948|Xjj,39OkD m81JpASNF3umtkr2lRCpvMbHKs
Supplier#000042956|GAYcKLsK1QsC jsRwKPncKmErsFZ
Supplier#000043016|,zCJH aon6pVUaAd4kJiKhon
Supplier#000043138|SLj L o12fbJlUrE0fSJyD
Supplier#000043151|LRUN,RRoSgVV
Supplier#000043199|8VjNgJB1acocrGsSBbNfCi863x,aGZ6IGjWK
Supplier#000043285|KUsMoblXsyNWoCu,2V4VXuzCu5q
Supplier#000043292|rHCAjmb1rXMO7iryYE0P8jtbo
Supplier#000043299|uYxJyflkoEs h3M6jQ
Supplier#000043560|00COdJlI6HeVxHlLrZXwgnBKHg3z38,GDEr
Supplier#000043629|rMRHVBuHzp,ViQH5f,WvZ dr2tnAaT
Supplier#000043701|KEeEFQ9M6MLubmD
Supplier#000043702|2rK3OGfzqraqCtpKA2oLiR0gU8zJesw09yvBd
Supplier#000043757|0zNgQGW2acRJ28yDEq5JlvBpgRu
Supplier#000043762|dcMuf53T7pj6KfziErpUsDQ
Supplier#000043793|5P7xzkfVaf1E94V9RK,n7wKIAmool
Supplier#000043850|EsxcG0AAzALHmx
Supplier#000043963|Tg2dGaPqdH
Supplier#000043974|NguruCQ7D0tfbyDfl4RBfvxG0fqfCA1zM,zSuvH
Supplier#000044002|G53 9yK4CpFSqe DYcN6Hq7FE,FL1OvDAkjX5C
Supplier#000044004|hI22 HeVkkVCz7,zJ
Supplier#000044075|q4bqSWNKgVUkzS346,tMDBg U
Supplier#000044161|k,jD4pzlpRfzZFSLzkgSk0T
Supplier#000044213|FXlLBw2EjxyyeZHHCds9UzKX
Supplier#000044249|PKzNndJv9ubfrEfxJGK
Supplier#000044302|ODKmpOp1TzpBsTc43yu
Supplier#000044523|6u 25pYmSADViJHyOuEM,4Ho4NZcvK
Supplier#000044575|Y,8ng97fXH
Supplier#000044678|akpmM3LWhLi0
Supplier#000044713|6gYUWYbb4MyxKl,oBeOBDMXZmfGaaI
Supplier#000044803|BMCRCkYd7U41wymoHQ5ZJeonKCHZr WUMI
Supplier#000044810|ZUWe71hLlzPy3RA2gFsm,Cmr0GbqifZxGpGe
Supplier#000044849|xlZXYW84mngC
Supplier#000045057|WEoiQGGB8KC6mBXvx
Supplier#000045180| cviZsZrZDyTB  aI4v9YEFc,fdIlnr7Gi51bDTF
Supplier#000045221|fseh7tKkCXruSSVXUl9Au4x
Supplier#000045308|Dz8kxru2jJ9w2K9
Supplier#000045398|4uBVTVtwcAnOcySm81gRqQQoDqerxjBNyPJW
Supplier#000045505|qNqcKoCFeBtn7plhEutRvo qSizp8yIe,IbSsFS
Supplier#000045572| Yp3Ct2OmKyG8QbH2uVJMdjCXCP1CPqmufQu
Supplier#000045662|QdMiFuEzVBxesCruMBAi8w7EhuN1M4MFFc
Supplier#000045717| ACyRyYT9YUAB
Supplier#000045829|LmwhDizO7di
Supplier#000045860|5Kyg6igQhy0F5TT6kmlhCgO
Supplier#000045887|T9Ni9BtWLzXDlf6MFIWA5MR
Supplier#000045888|v5LgMFMK3BonoSxPxxvmf6OtLZECl
Supplier#000045900|RF4M9mob1RDxzjK8IimTc08
Supplier#000045905|xXliaWf51nAS
Supplier#000045915|ngpExL9mCY4koFCdMUmFywCs U4d
Supplier#000045928|KBeEkp qVmYc9n6DI MCoJ6wbWPV5sjDurm0
Supplier#000045937|yuE8kKof4GpLA B516Si9D
Supplier#000045953|zWaEQNbpQeCizDCvaEbabxXBSwZFukWD
Supplier#000045978|xtFN ,9FHPdDzNWjAiF
Supplier#000046036|6bFVPWY6poI,IPE
Supplier#000046091|ue5dV6pon1aRz6zP0yKfHP1dbwyMpa
Supplier#000046107|NPJUxJTAS,MShZvaza7sudlztCV2nElEHZyYam
Supplier#000046193|f9GgvGW2NjvZ2wWGQBIsxzlNc
Supplier#000046219|yQgSKDipBpjPBWMr9IesM42NpthL
Supplier#000046303|qmz6lyFdIG6trvJsGNy,Q1GF9QlG9Aeq
Supplier#000046327|62RsmrwuMLWKh2hjbX2II3V8vInv6sNw
Supplier#000046430|eCK,OVPzLDGWpgDcA2aH
Supplier#000046507|z9C9JquU7umTu6HBLtnqFV088FQC
Supplier#000046531|XwbE5RPPe1
Supplier#000046619|a7FYhmMUYmfPbeqmZZ03,2ypSLsYWhLy76ps
Supplier#000046627|g MVKM4BJOp3Gg
Supplier#000046704|j1r8dWTIKus6XW4
Supplier#000046707|eNifILg,db
Supplier#000046801|7f,I,pOmU52OfjpQ2xpdv4HPCjScxY
Supplier#000046812|eKScHWsg1Dtlo7yoQD70h
Supplier#000046893|uJc5B7jZgv7gboywxN
Supplier#000046959|eCbsdwy Izu7vmkKYw5t1VNjjW0wtOfH
Supplier#000046965|yQw0lxr8KUhFMe8YzgjwRzeyx7TztzrTwTCG5
Supplier#000047022|KKs59GGS,QHk
Supplier#000047100|g52ytKyIgkVaWCLPAHz4sYUiV4QNNV
Supplier#000047144|ejADZsWnrjknRDU9TzsmfJFhBoLiFEwYqzxKs
Supplier#000047187|ebqS9uqRVQCCwCMYh,BZlC3PLmpaxRF93MZMJqN
Supplier#000047203|DFhj60Te4Lk
Supplier#000047262|vw2vqXvvbd0qTX4S
Supplier#000047337|ztbGIsEUeBV,I4jTTAbX0KTa8aOVTyobf
Supplier#000047345|Or3ogocSIsgFhUfMEFcachVk4BDO
Supplier#000047360|r, Xrw1am1FRbyx6hYmolIiOPQ
Supplier#000047382|NWee2K8OOCJUSUjh
Supplier#000047433|GTNABNHYlfmnSYgWMhmB25an ekHnYRvKRojag
Supplier#000047475|GpzJT,oDi9
Supplier#000047528|4JxMm 44eDS
Supplier#000047536|Vo6zfY3Qyadnts0ykRyM4
Supplier#000047551|iTXasuQuU,NlEggfojo3ubY8z5TdV4QK,
Supplier#000047603|39ogKvgKOQH f,AaBDi3gcTyidtli
Supplier#000047638|ugynVKFiAVfei9n2Jkg7wn0MfzMpnewT
Supplier#000047830|PBuNPp7w3PsqNB3SKT0,d
Supplier#000047858|nrN4JXcHmGeRTMjxTy7iG0 pWMiH,QmIO8EdV53
Supplier#000047875|atK6do1eoA1faaWo2G5EDYWDgeNNqJajveZuzvY
Supplier#000047975|VGwcaFqBrrA0x5Itasv3f
Supplier#000047984|Uy41fg2AgysSJIKnQtJiQa sD,OmuAGGFT
Supplier#000047985|k1tO3pH,9Y7gwQbYKyDfElrYvg0fmXhya
Supplier#000047993|U9nwsWeAwRchKhBfJ7kXBtZS7IK9PXUbeGz
Supplier#000048031|8UHbnRcaV1eRJcguPuy,2JybTc,AavFxMYm7
Supplier#000048039|xJoy5Twrb9nuiBoTlvYJb2EMl50Te
Supplier#000048068|WsPDud2kBMp
Supplier#000048074|HYGXKUckYEes24AZAYs7N8X
Supplier#000048114|GviL7PxU8q1htWmn9u2oKxDV
Supplier#000048115|09oKIzUyHP
Supplier#000048134|D4Btgz,4UbrlaeVCp,Wsy5r6emY7
Supplier#000048250|7UgD,xs5HBUB0a3C2xAUk,M7G4KBo82ed QPpvb
Supplier#000048318|aDoUucmoNKL4DnnU5RsYxR41yjj5x8LLc
Supplier#000048357|y1FiiYERpx7g0wckM2yDL7x54
Supplier#000048410|htvxsAiYbvfKocY53qP,Hlu rN7er76 ppYlul8p
Supplier#000048504|EBgZ4AsfVU
Supplier#000048514|Gm539b21O8a
Supplier#000048565|fArkN5FenjuGaaUg5tVs
Supplier#000048616|WFYheY5hqfvNLZVBw
Supplier#000048637|DGGps39ausEBaUORXBf
Supplier#000048766|3A37v3LNXQef
Supplier#000048768|4WICom3JcBvh
Supplier#000048851|Hh59qRD 87g8
Supplier#000048875|4r GcaeYE5qHe
Supplier#000049057|yUmmxydrnRZ7ZF1CCqwW
Supplier#000049059|SUaIjmXsaWcDDRQdffCu8nuii6
Supplier#000049065|lgPC l,DbkV9dUXGkyIijbxgPc
Supplier#000049231|KoxL47A fyWgafCR,
Supplier#000049293|OjTr0GOkwpficTScd
Supplier#000049339|5JD06NDo5hWZU8t9ISNdcHG2FZiuvBaw4djU2lp
Supplier#000049362|7qliiv6VOcTdWujOhSguTyx ugoaA9Ouy8Zgv5n
Supplier#000049363|hGYatVQGaF Ao,rM3Ih
Supplier#000049390|Ui8,Cu5orOwK3iqPG
Supplier#000049417|4rXjziUzwafTlNHr0wfoUwdue8ORJvHSF
Supplier#000049489|oxGakIb8G0wk
Supplier#000049555|dHMxTjSc0JnRaNRPW6,LBN2RcVHLm4,TufQ1f4UP
Supplier#000049734|cjbQCK2rFYzXDzfYCNloxKmx2H1kr5me
Supplier#000049748|ZGTduvxxxgcKsFj
Supplier#000049841|q9PXeWyey4FRLpTIXuHQiT
Supplier#000049855|Keh8lpYL Jc97QTk
Supplier#000050028|prZwOlA8FoNp,OwvpafQP5FOwIqrN
Supplier#000050102|0 Mez,0 UXKmXwLAIO9rF03GHEF
Supplier#000050167|NyoNToBjbSej08VvQR6csQlFsh01cONiFro
Supplier#000050280|OIYkHJ35rQmfjdqA9vSq449lxxS8,RDDFMZ q
Supplier#000050288|xyt4ZS0hE5wLPNn
Supplier#000050330|EMoVPXGh0haUC 
Supplier#000050337|XT9lBBs4oYNU
Supplier#000050349|npWzury,2IhRAWHg3dglL3dji
Supplier#000050403|OrgFn1oL1qJwM63Of3PCuDD0mR4
Supplier#000050501|Y0ecSOYpPEAJNe1NQzGjg,XgkJA
Supplier#000050507|9svY9kdjbOU cxsEDD
Supplier#000050567|3Xf8w9OuhmUF6K84FA0aoe5xwKXZyffSY0H9
Supplier#000050771|8v3lF7Zv6,suKQ3mcu
Supplier#000050787|U1bvuHnq9c8RZGW2BS4ru
Supplier#000050830|1oQ8iygPTdCBtz3Mf4Ol,N4wlVzAbqt
Supplier#000050858|DZdEksxSlkczFCVi
Supplier#000050871|8oupzUueTR2ThzCMveGxmWPGu
Supplier#000050889|r7fEWyVA0aF4
Supplier#000051044|MbrUcJ4GhX61y65QlbfRZUeGbst
Supplier#000051053|G,Lfhjlvb3wLdhZFsU
Supplier#000051064|LQyMpQ1gPxo7ftwWJoHthZ6jOk8
Supplier#000051121|H0GJzxAZwQj GjCW68mx4MgGUu440
Supplier#000051149|H9rcOg aJ3NBMogONYa
Supplier#000051153|HoJPLHGk1BeSpuAP3MpjdMuyjqJ7Z3HNEuJT
Supplier#000051165|MqosCc4qgeY1ZHR7CNl
Supplier#000051174|QHsMZNf0DGGEKomQ5C9XqpG
Supplier#000051176|ex8UG,R8HDhCsav0uawLVJ9teIrWB
Supplier#000051267|wtjUzR4CAtkVCT,Fm0UJc9WbXwBEo
Supplier#000051344| Ppiou8UV8i
Supplier#000051346|y0QVX6nsRXdyPhY3W,Vi3MCD3,e,ywT1Sb47
Supplier#000051390|hQbDB1ceW21qMae5jzPJwv
Supplier#000051401|SkWLFF8wGmxQY3VXwLzC8
Supplier#000051527|NkyXYYeYp  Xwvs69,
Supplier#000051530|Y3FmDnkM,lRdoLtFpqCb8U5
Supplier#000051576|OcYebQTEE4zH8SmD3CcEBeD
Supplier#000051577|nlU,zhelEw3ik46GnbFntaPf5Q9xbX
Supplier#000051613|KjZDP21J2PHrg2RoGmEabZm2NMquu9
Supplier#000051647|nmXlVrBjroZCbTFasFP7zf4Qm 
Supplier#000051724|4owSqYNbnBAXLqi2
Supplier#000051792|VNiHxbvQWRPG
Supplier#000051895|vEsw2Kdg3nEt5nnkzCrKUOCKY
Supplier#000051953|lTgcLoNS  41bReBs
Supplier#000051976|pq,VPd1EyKarV1Ns
Supplier#000051987|AbbK51FbxCpV5XVzIBPVJS2yc9 Nv0
Supplier#000052024|rFfToU4apqB79A4YeAYQit
Supplier#000052036|VbY6qkrZIojdO hm
Supplier#000052040|o5mxi11qJNoi0NTQdpEj0WVsr2NqQ
Supplier#000052109|4d,02ZiWlh4TL6lsahdz04bmMEV4OQLc1gTn1
Supplier#000052191|BtM0 sEfY623
Supplier#000052278|XuS3hhZrveOXVFx OLue3aMyLPR2rVg68bkRU
Supplier#000052285|I 2,wOAOXag79gBD2c9pF64UWb
Supplier#000052307|vxf8Y0ey ,8xamjhw,zxWhM
Supplier#000052323|GmKzZgOFDra S,kAyP
Supplier#000052350|tjiSALGKCpxW8rkJY36zs
Supplier#000052377|qXKWN3QvGDHOwORFhzH
Supplier#000052440|oDmaScx2Y,empwR4zpwQCm4
Supplier#000052442|rw9LsR6ugDUqkiYbExLl3M1jVQWPPq2faU
Supplier#000052463|RHfq8 z5h 
Supplier#000052510|2uSgdQOGm89M
Supplier#000052591|3qMR7mjGD0qPy3VFbLHTkL2xL
Supplier#000052643|56fA wf2vJhQM
Supplier#000052672|9QpVWO2glBrFdDmA3Zrqvs
Supplier#000052733|IDaL y96U P4JYdK9JebpEXU6OG
Supplier#000052821|MbCKsyD1rrHIU9mG 9j2kmURNf3ieJo
Supplier#000052851|rP5stzn8XW
Supplier#000052957|sSGwUt9EvRT7KJKtuV
Supplier#000053115|ya88lub2o9W,d 6QA9ohmuEZs ruY7Znm2xhrK
Supplier#000053214|Q7sixjLanMgHe9Wvg4MPSA4l1EaJD4drFOxH
Supplier#000053270|mk0SV fsP2rUT pDiJpBShsbIVrlKnL9iBfY
Supplier#000053277|EPegR0Cx weI5
Supplier#000053370|pXIAOuHb4RVAar4
Supplier#000053397|XWtwUgXBlY,4mAQ2
Supplier#000053437|nKWneVne9KuqAtvfR6ciSW8qETRswfm5bVi
Supplier#000053523|FRDbfsGClUqT,BsXCNh56
Supplier#000053588|htWYbCL09PsUsBFbXJJnNmTDM17
Supplier#000053641|zjx36tliv6HXY72T7atVtPnd
Supplier#000053772|qQGVGFlld0r2BuIan
Supplier#000053787|wKE93nXPLrGMlvOzUBfGtDfLfpM4p63B4PyYxy
Supplier#000053825|X2zWIcNlLL3eJDBwZC1gNvaEqyOs
Supplier#000053861|YIxJy8NEoD8vC4yv
Supplier#000053934|7PqzvqkCmeHesKk4HjuRVVn4hMMFAjtsK
Supplier#000053998|FI56fhcn68GhkPZNLHTss
Supplier#000054045|Jx9vTDCQZWQIRNNeuXZ8nVvV94,kix8MU4kMh
Supplier#000054050|l6kjU4C93,
Supplier#000054073|AmW5bIuyA1oWF1EwHdLQcKu
Supplier#000054347|,4STE2fY7jaVPxeCNidlG4A1m6yHJTs3G
Supplier#000054394|0BI0VJYl5hNq1bityuxc
Supplier#000054445|ht4AwBnuQBy85V 9x2qgRwbbBXftX1Yi0AG,z
Supplier#000054503|hVSZthYycFEe6L48
Supplier#000054696|aJUnqBO4SVDQ8flm0SpV
Supplier#000054719|MTW3xpcSzgVnlOUEOTMnbZYXIo
Supplier#000054742|xOZQa4N80BO,f2Jf5VRg82Me
Supplier#000054839|i0kBiymifbbbnsrIFQ9
Supplier#000054866|OI2Lpkq5pnAzYrXXZ72jkyvZiQlFbpnZ6s5Thw
Supplier#000054981|mZj3arhlNG,vhL
Supplier#000055006|MxA b0s2WPZE4YWvgEhzZ1CEJUpO8MXAhOZ7
Supplier#000055046|035RmAwlCjcRq1,14aMdgTw9
Supplier#000055086| oHtieQyNOcj3pu4HwM4Xkh,
Supplier#000055157|lcLXZmpOj4YA2uHPaVV
Supplier#000055197|3n3RIiHmHdM35WV9GtIL8EGbOimV
Supplier#000055206|NbhYkSrEGAyiieEHHY BF
Supplier#000055217|urT4qbiNZShR1
Supplier#000055238|drha97,VADgniAZz lUM63Jf8iFH5oO7gj
Supplier#000055402|J1cQXfdlEOw
Supplier#000055439|JUXgm76mEY9gsEPUggVJH5354AC6J9cR1
Supplier#000055541|VnTLcWja TIrQfwi5You1
Supplier#000055561| KUi5drQUB9XSX
Supplier#000055778|oLoJO9i5CqNHtsdLmpWIcN ,8aUOkK
Supplier#000055842|1Ettz4bYieuxyZjZ
Supplier#000055856|ypgkmdqvuxkdpaeElOxbmmR
Supplier#000055864|hKLyvNmbIx1z81vYnyGyJkYfnsDaMvEb
Supplier#000055889|lM8v 36fTHCmX3 aviu7Q3L8zNkV4f
Supplier#000055914|ojfGqLOA,gPxSxGIPfYajAl6qQ
Supplier#000055928|FzXOPEjSzQAu6ht,W4XQL8 POhsQYLxlhtZY9EOT
Supplier#000056061|vg3k2mZrzvzYd7jXiqzc1xx
Supplier#000056167|EPgXfpoJAqv06SDrt
Supplier#000056188|xqGLZhaZox STG Vm6z1epCqDaWev
Supplier#000056205|Zj PAN5QGf3CY2,A,m1zOefYUpzPF00
Supplier#000056335|TBVUOkzRdJIPNLSy4JNJ8mAw9NrhKbgXkbG2zpD
Supplier#000056350|5cXUfoi6ITGd3ebDCSImox3ECFOLreV
Supplier#000056478| 0mDpevHGMbTUK97
Supplier#000056507|d7CUrSsjeRur,lBmG34pyeFxT6LbofCg,Qn5svS
Supplier#000056543|DS2MjDesDP4j4
Supplier#000056629|ChMg,hn7Xcj5
Supplier#000056631|8Rg1hcbNJyh0nVGa76KFb ZIQkHa9Y2KTmNXm
Supplier#000056648|CXRclFazMzHx2aEYVrtbpYkfvJE29NCipn M3z
Supplier#000056692|xPZPh5 dtLbYXk79swjfioV
Supplier#000056703|Eel78lZQnYr
Supplier#000056782|MpafXR7NPMylCmsi74PR8Qj ywbzjIRmuW
Supplier#000056825|MWHfxuZ,wywTF
Supplier#000056937|X8Hx293ret9EkxR3C,ODYh 5Jr5BVST p
Supplier#000056991|H9gObKmum0MawYdVvCai1nDay77MH
Supplier#000057015|qL0r6r2 zvBV
Supplier#000057030|CvmWHEj6gmmu
Supplier#000057082|0v2NJoioFmQ70gjcg4gfkrQc4dzj
Supplier#000057103|L6B,ofnQK XDABd
Supplier#000057284|GzbJC6X1tg7FaDS63T6lG4OD0
Supplier#000057364|SMT2rImHcj
Supplier#000057494|AFU6O70shpxrtgNDnyw0P3Bxw8cNhm
Supplier#000057506|D,CA7EIOEE9XlbykyzJgVd4RM0qtdItf
Supplier#000057514|2KOnmxt0j6Ke5uE8CtKq9ma9B
Supplier#000057585|,Hg11cjj9NBkh
Supplier#000057620|c0,LtN57MFCuXX6Ku8
Supplier#000057668|,7dn6RSCSSW
Supplier#000057673|fcWguDJ6DJKBYZAhb6 
Supplier#000057723|bK6DCqXa1lnPU
Supplier#000057758|kOXyWLX4dn dHeG2W
Supplier#000057791|FVtsdT3lPJT3H6Lx
Supplier#000057830|iO3MW,Kdtg
Supplier#000057843|AVkmcitveWTk0Cq
Supplier#000057923|Z2gNf 1TjlnYwt
Supplier#000057958|0L3VoO,LJR4n
Supplier#000057989|5s6Zv2wPcIF67
Supplier#000058024|YR9SP1OWY,zbiyxQllkNfQmLU2BOW9jD6FTx60O
Supplier#000058073|RPv8htIFte3Q4Wgg65M9v FMS2Tiyj
Supplier#000058098|Xyu3YyPDasV,SAIiKHkQM
Supplier#000058128|pqZ pqc32YMUJkAQT0EClPaD3XVMLEYP
Supplier#000058146|h319bWTZNH
Supplier#000058203|q0o06 MewcjWS7 6ZMKfnOAGcKOgkb f0aRs
Supplier#000058300|dKl,xn1uA0WXPJKi5DjNAq030mC1yliG1m
Supplier#000058367|80kNvvKEylNuO,ZrqoDA4K,yfKssf
Supplier#000058436|4QRg6HO JPpd,3Op2jcsNEnrxt7qwqt0o
Supplier#000058447|LHUECk,lKHoNyS4k3pgm
Supplier#000058566|RNgsxW0lZ4 
Supplier#000058602|YIEd01Du61hqqkcmX
Supplier#000058642|V4iw79 2GJEguJDXbxc4TZ3vOa7NeyJiN9o
Supplier#000058674|fqUZoO5lmIxFyX2S29ODD6bceU8QSuuEJznkNaK
Supplier#000058676|NA4VYTArbtHdRV 
Supplier#000058700|gKDl3jmeYBd 03
Supplier#000058712|9TvFdesepj25jv5TkabuKTJ45L5OPt9VEkkTS
Supplier#000058754|o1tD9Nigtu
Supplier#000058761|5xohOXdmYpxU lYF3XcIKwxKwejo9
Supplier#000058821|4uXPsi UOjkoAiyfKimZM8NigHmoHPk
Supplier#000058824|OmtpQ2ibHLxDE6xrKbvptch4cQAp,PqCqpQ67y
Supplier#000058836|bKx8CpWCjLKZqqMJag
Supplier#000058874|uAcy3XE,m9aoqBQMkYoV31mg
Supplier#000058969| 9QtSsWxLV1
Supplier#000059035|E0rW7Yr3N5KTv rVOFMdktzxJ28 B
Supplier#000059073|pnqso6lOfdfK LLA
Supplier#000059154|KXQ BvBvjlj,MfNoV geibqdzCA5lmZbkJW1Zi
Supplier#000059190|GSsL0tWtIOuzCeEhEgQ
Supplier#000059233|Y5oeP1Z2pGleGqZ E,cfy5TutCpMqndV
Supplier#000059258|NpulTL94zfS
Supplier#000059304|N cs DacFD
Supplier#000059350|eLy5DbTxE76t ,F CjZr2lUh7Sb
Supplier#000059423|5rD1G1juuUfujB
Supplier#000059460|wyIuZ5WX8OG3
Supplier#000059547|M1pIRwks7aYL9uDVNlm65CEQkdRh2lvPIs9G5J4
Supplier#000059774|fSzn3t4Vaw5
Supplier#000059830|gHAr8tD375 rLa0H4iP8ja9RpkQIvpU48YnA
Supplier#000059882|YZGK8xgt7zzbpkWK
Supplier#000060024|2TUUKVLBdfYCMZYKXLpLmSq5ZcGUh1mo
Supplier#000060143|KVe62EdwSN3KtHdDlHPnYDxCeS58OIc
Supplier#000060174|0w58Qp6ksupapyty RYN,1O5haCcs9b3YOblf
Supplier#000060201|PG622 ApERtVkZMBQ,AB3qi
Supplier#000060248|isr2fejsP6ecUOQErSKeE3
Supplier#000060345|roOHPi3iExpFo3wI9z1paQ5RAsv9Qv
Supplier#000060399|6XYYZz9Lk3R9pLZn1DtmOEW
Supplier#000060438|9ttSXMsdo8tiUOdqjp9SpWPj4u kLN
Supplier#000060441|hVjd2i4BCQG
Supplier#000060531|0NyyRBaTrE
Supplier#000060564|AVeIXw0SCaHywuECyPOaE
Supplier#000060575|sOMjMXvVW0T0l,
Supplier#000060679|JfmWjDuTe6 wJhJiBBcMjvcH  ZI3ipZ4venJo
Supplier#000060691|SYK9cacsjk9UTfYR AAn0eIJf
Supplier#000060755|f0zUAjFfnGXQEhAKDi3,Ic7jUoHm7a
Supplier#000060793|YhR mclzFBmeg Ltg w07FohDBzpyI,BfA 
Supplier#000060799|zdLwFgRPk,4vg2R0
Supplier#000060846|xEc,jPZDiUXW68eXvylOBGLmtNY4a4Iq
Supplier#000060869|GR3Crzb9AJBLRdsL1iCV
Supplier#000060882|T,UsFDrN2dyU
Supplier#000060902|IrmzxZ74oauU4zQzsdrel20Db3FvxQ2xo0KnM9
Supplier#000060926|oWtJTIcjQNryH4b L,bZf
Supplier#000061051|FZLQ2P6ihQ
Supplier#000061095|r84NWPx,qoca5xok4
Supplier#000061195|I2HdFr7SDL
Supplier#000061209|2ozYPirUkgSJCPvwG1JOk76WWy
Supplier#000061295|Pzn48XUW6O8xGty,W4fwWoxpnFqmfKe
Supplier#000061304|F 9b6FnQZpC8mM3VVFGj8SfkMtPihXJwaA
Supplier#000061345|5Nm08bcSulv5sKrd2xT6LJ7
Supplier#000061405|gJ5ysHvMcXJgRpZtpuTQWU
Supplier#000061559|Hbv FSzQTjJyoUNR,2sW Pbn2cokxmWuo
Supplier#000061564|rOSPL2luFcBjx2BVF
Supplier#000061611|YMXC8 owaO
Supplier#000061630|V0,85i33sV wiArf3 vt3eaPbMaI
Supplier#000061637|bmI2tHnmiN
Supplier#000061686|OkfWw2qrQ c8eLa5q6eY
Supplier#000061695|fYmy1HFBVAkjj01E L
Supplier#000061765|,KK9OKGvq4q9kR9toJ mpfkg6uPhOBiWB
Supplier#000061810|fo7NtY4HKj5h5
Supplier#000061826|EQ6zmE9Iot,BYT2JE
Supplier#000061830|SNEx8InEBYxAf
Supplier#000061878|WviD,dZXhIeuLy5CRdCFBcYBwtbOgm3n3
Supplier#000061964|spioITxl751YJB9
Supplier#000061985|TB8pKLmmzMCUK3VA 1oJp
Supplier#000062047|Rmv4JQmA6tq
Supplier#000062049|c3M6YoZWVWh8UrNf9CSVkPC8yWNpg6vI9BYZy70
Supplier#000062062|lIKKUGlBpEzt
Supplier#000062081|pIox4V2Pvrt2Bs,zce9JpjZJSiUlGgU4P2BcsIU
Supplier#000062146|4qAXvobs3v38Js096,kRFhA51eDW,wXPY3QQumx
Supplier#000062202|wSMFZuJzdktJZwPPBmT0dwDTeS
Supplier#000062272|l2I2nu1W07oTXb3SERwS7pFLk  BcSAk9Aear
Supplier#000062275|VRzDP2yCw7l7oI6hBFnRkz O0fkM3C,WSbfXQAe
Supplier#000062314|3Hox,z3lqo7blfFDJn1wN8kZ7ecaqYeGeFwf
Supplier#000062324|qgsS4yymtW724apiE2E
Supplier#000062328|DZJ JljYHL7dsmJ45R87NDEMzADjI3zd1,Jr,b
Supplier#000062333|9hGYtn9vIKjigeiGt
Supplier#000062388|LZCBAOQcd2kA1C
Supplier#000062405|dcHMarUPb,Nv
Supplier#000062479|ufJFNDLtlMjVbVWU7TdIVvtdn
Supplier#000062485|G488skG,,pW,3GPJ77CofLVZ6SVcSPGFP
Supplier#000062638|aCIyar54TxFSFT9A7X11n4Di bWfon
Supplier#000062658|5S3j0n,Nqdg
Supplier#000062718|ZDym 4UOyrFZcEigCmf2LopWdeWJ7EBF0PIRWLq
Supplier#000062750|0bWA1GE1me2NybV,rZqI,j 27fd
Supplier#000062867|e8gHG Cr,Md2NI8wNuJJ4ev
Supplier#000062897|qDuPpeN1o  ZCXx,urBSStzWcLIPuGS
Supplier#000062907|g94jnYMlAfzzIVmL ehkfshaTMjbFhv6L,q,FQL
Supplier#000062933|BgKwGQYGqykE
Supplier#000062964|HlNBWPctI6SNbfbZply0ABkzTiKuS3jxe
Supplier#000062989|B,Jjt,cYpE36snvASPi
Supplier#000063100|xsjV5Ezx8iA2j XxW94wjiEbzaY077p
Supplier#000063115|XjYa4xOVFpvgITlcz0Quhwnz
Supplier#000063134|8F11oR8sqQc7mjNe4UjRnx0KxDtQM,DKPeT9u4YX
Supplier#000063168|eh6I6HVf9IQeVNnPIaqVeC4PIfDm
Supplier#000063188|eI1Qdjd6jwz
Supplier#000063348|l3g94I1mmpQYlNVjrtBVxfGU9QLOa9wV
Supplier#000063440|Wau19Sn2qxLI6AXfho6PKxlfSoDbussFk0Vu
Supplier#000063503|N1bCzXOY04djeDpVDh3iNQ9dqD
Supplier#000063550|YU8oXLVFaC0tCczWKKc64QdfYNCETBE4bVBx
Supplier#000063701|E30OqGSVj7C5J80sZZZMkeZbjgav1IQ
Supplier#000063744|rlazJnZXJjVGoef, JPa0HJOsw
Supplier#000063772|4U6IXH2OHEM,
Supplier#000063799|xnTZ7U z4idjEqFEeMjWoCW 4qit
Supplier#000063858|43FslRP6BoMXra,
Supplier#000063880|14Ssje7Z,,fFngTYQhQix9JwAu,1SO530HTL3
Supplier#000063897|BFTwwhtR0sfeXsz
Supplier#000063900|Q4EOFxbLCvH4vt0tX5b,,x66V,n4toYcOCU6qeS
Supplier#000063991|KLL1ZC2eH0Aabrs M5h 3
Supplier#000064001|sHTyDYXsmx0Q7dfBGG2,U23tpFSFar2GX,e
Supplier#000064101|4uCyIh35GtXurWr 
Supplier#000064153|f5PSwiB9exQ1zVapoO4lbQ8hwCq2BP4tn
Supplier#000064155|QOLWCWMUe,pW CyFyAi7gfJ0y
Supplier#000064319|ECbBt7RjQltezJyDA
Supplier#000064329|SMCC,Kxm,YyUPP7bpH
Supplier#000064438|5EW2Mo1wXTSO6Y
Supplier#000064497|1EGM2I4sW4fcl9lfvZr5HwTRQ1JfNve3VY3
Supplier#000064502|tFb25IHS40iqV
Supplier#000064694|v0B,9Oq5mrATXD4M2Hcuxc92m1oPXcT5duSE
Supplier#000064696|w7WUt uIjm7CMbiZYhhiZ6C5TgLkx9,9
Supplier#000064734|9WgKbZ9n5Eu6T3,4GD1jT71wivyS
Supplier#000064736|QluhlEUPRv3
Supplier#000064950|mB0zaLIjNKH
Supplier#000064955|abxA6kURFBW
Supplier#000065036|b,nHYGpcfge9D16B4bl
Supplier#000065124|ieK24Ztd,Fo
Supplier#000065129|StwddlJ,8mDO
Supplier#000065133|r0wLyuRdAJgpo
Supplier#000065266|14uaCFKKsJBq
Supplier#000065396|9VSghCM3aBt0mArF
Supplier#000065407|SN1hhmBfJe1Oq2i1F7bUkrD7n1ap9lI
Supplier#000065417|W99voBg9tqQqxFrL9bJWvjINqgyknVd
Supplier#000065470|wPxIqIKucFpyZtOfRRh5oxoqkV8xts9GBEbNp7Gq
Supplier#000065528|Ss4nYOBPhQ65TdrUrZ1pO5dO
Supplier#000065575|bq,9JOmKF1dG9VZptJ2p1Y Rq62gyN3qlw
Supplier#000065581|MXRVnlicPxTaw6hWn6F2O5LKYuf2Z6,mDZcreDo
Supplier#000065583|snbjhhqRd3nBCbFYM7ch
Supplier#000065591|Q7XD2rME4dGY
Supplier#000065676|vcTny7 lBH
Supplier#000065826|io0OzPxADC
Supplier#000065890|p3crLiVdVObP3rY8H
Supplier#000065942|uJdLpQU  45gan
Supplier#000065954|ojn3u,Yvs5hOcf,wLDFLL
Supplier#000066181|Aazn,hUJj1sr
Supplier#000066212|GbYTzfc1b2jTMArUVQdu
Supplier#000066240|oFL09xg4GBRiaG
Supplier#000066378|V6BxJc2tuTUdEq5gTVYnls6M52kQ
Supplier#000066403|eW1DbNFyhYACeC9ZQU
Supplier#000066513|TCtMpqhfqcIlwwZ4mxca46C8uFWAi
Supplier#000066531|IMZtzUAIgm7
Supplier#000066668|W8,L6f5XkFoR,Iwtovqf04dCQp3jnadHtcH,t
Supplier#000066709|9PUTu zFmMBxu1SsH5S pQnTZEN3W5RQAwoB
Supplier#000066768|jdz5T3ARwUeBTsyWEWifKtVKPh7k
Supplier#000066842|ihBlUk04QmrHFJ84QQdnMp0OOQUIJ
Supplier#000066905|7qB3uEuhr3qx1bKlgGXS,Ba3vvz0nTeiBiyBt
Supplier#000066968|orzeXUOEUhavTiWtM
Supplier#000066996|Y4 ECeYf1kkdk5kNxLY,qhSi
Supplier#000067051|ZqB1BcnMgJWG,iR3,BiRWoRWg6a78lIlF
Supplier#000067101|NYuAYxgNBZg7foWiMTDpZrik09PHQfo1Ib
Supplier#000067183|Q 6hXmfKlKWPzDQHsu
Supplier#000067239|pYs5SEqWSTo
Supplier#000067251|uwKIio9RmFfhnAlQvG177vK5aG
Supplier#000067271|aBk130fJ7guzxZrphDt0ARFV ,RxbGH
Supplier#000067330|5SgVK3xKxIDMc5T9KWttmqlNv12Rkro9aUZ4Txnk
Supplier#000067336|4HL0uq50NpswaPpKabOh qH
Supplier#000067363|uNDZV,pt9nArh9QiWw0mQtJ6
Supplier#000067495|lLMSWliaGP MiqN49lTm
Supplier#000067533|b8lkPsAiT6TBzoDHbQJ8
Supplier#000067601|BBcJf7yEKHMPW3lMns
Supplier#000067603|9lmwQFl782F96,wZPgDp4S4rstNmpaIKpK84xX
Supplier#000067664|VQnBX58b,0
Supplier#000067708|YLkiip52baPUjgnOKKqXsKJLj0
Supplier#000067717|0lJDCJY9uSfBHag1bG5Ek1nchS7mM403DDV0
Supplier#000067749|b0w1zhdcWud H2afzl5ae6ku,t5IKMsANDBK 
Supplier#000067835|1nzuaPpKntmswx5stMey0
Supplier#000067845|j7nNWX5YjBTqxg2aBkT0CaJD6NewOKX77
Supplier#000067847|ShIXEilHm5FM6katuo,Aks PCBm6eu
Supplier#000067866|AmrFtO43QLYdwVVL3Lyp3wAVP6t2e54q BEw
Supplier#000067901|PVhitbzDvGmLEh0oriHrRIfrbLgcXvbD,S
Supplier#000068030|jI,F8Mzc0jzX2yo
Supplier#000068033|lp8rRS2MUevhyZzqFsqW952tunR
Supplier#000068290|XHkxRPEy3EDCh1xxRUU
Supplier#000068394|guCvPRwRRqIT
Supplier#000068424|96nIPledcPhh
Supplier#000068442|42aWRQlz7E3vRh
Supplier#000068454|xVOhuDC8on3Bs,2nt7Jz09JDzP X
Supplier#000068602|DSM2SIj4RVz0g
Supplier#000068610|fiUPqTkyKTgKnvbJzQirKUQJKZ0adRp221U
Supplier#000068612|BDZfYxdm9KyNRC,YYfAWPhk
Supplier#000068663|k Yfjp 9M4r K77uR1t2JZ2hl47xAKu63qA
Supplier#000068734|3iHynQZQqn3Y4maLLUJGGzL2Fa4CtVKiPY
Supplier#000068806|ErZMQJja2n,0,wT3hr
Supplier#000068839|byuugdlu OrKhpKpUW1nc0roYE6c
Supplier#000068958|OmJpnvkxs nw9
Supplier#000068969|F,W9jjf6FmuJnc9zkDF
Supplier#000069021|KtGP8tLb22gdttbFQZw eLWlhx9LZ
Supplier#000069027|OZWBeLtBhjwcdcOW9bt
Supplier#000069076|4Lf 7FRk ,JetwsW51sf2yRy6
Supplier#000069178|SZNVySxoyZeHxnSyWw
Supplier#000069180|A9AE0AhPqC8pOlOCB8GyjcgwIEGcX
Supplier#000069342|OTOQaJD4dUORuXnCQ4bc9Cmz
Supplier#000069353|FG S7sK22jP5RtYciJCDntEGn0Ipk7JBREZZOK2
Supplier#000069366|ElzO,B185WMkoZZtaOAK1 YuKrtVTGdP30KLr,ET
Supplier#000069370|cKJp4LVA01JezA23kH6jr01v2gPj1v
Supplier#000069434|xa6giYZK2114W6Ubhp09UJFG6R1
Supplier#000069449|ELh9K7UUmIJO1Yp,BOAE8U,
Supplier#000069528|TCKpG QdEQIGHLqJB5BF8
Supplier#000069541|8MhoB1PTxMDhxeVfgp4WJ5P3,7M9 2
Supplier#000069633|RNniMrxBBfbmhe
Supplier#000069657|2zCYF4SvsrtLONoXWQQ6jkdCAtjcqrj
Supplier#000069816|bKjp8D,6eJVXIeWhmj5m4MTrazzqoxxYGAiY
Supplier#000069857|ObER8YcnU5GH6XqT0V2ubETgdks0bdWv9x5G
Supplier#000069902|awKe0ZrxsvHLPgW6Etf,7AiMQ,Tc6zOE5zM8K
Supplier#000069986|IDLQEFgeS WdS1yu3DbnzCA3JeLMbLN8GR N
Supplier#000070190|8zbuZL6QFC2NXvw
Supplier#000070337|r8fbQgkHNpoCTjfsDDTJFFgRq5HJivE
Supplier#000070381|LsB8Z8V5E47hxe3i5g2q6H
Supplier#000070454|DNzjoXk2sT498CaC80bEE7i
Supplier#000070501|sduE06NoXaPo9gTwH
Supplier#000070740|jZmJ lPZiak5sJZA4SglTThJZdPHrGKn0mSAymWO
Supplier#000070834| E6q8UVa8,E9IGV5zZtGXbIkdjemBT6d
Supplier#000070853|vcKh8hGO0FggB2VydQb0OoN2zGYcZLo8nZuTin
Supplier#000070869|pAuQYO3INBoi,mdsMJ5guaQYgOGektDjcsGU,
Supplier#000070909|p9nPJ,wyFTmM3e
Supplier#000070916|eeia7W9iStWuF0xootkQJ
Supplier#000070944|F3H37uiLBpxQ0jggb 0MIP3sbiB1L
Supplier#000070965|U51w2 YKZA 3fA1UyJkp6k9bimiTVHZ mjq9
Supplier#000071002|6zPcHKgEWqBqDgA
Supplier#000071048|rNmFqS3i6EfJLLLA2WalHFwmCYiCs8Vruj
Supplier#000071055|p2yuGQ5vXuvtN8u
Supplier#000071081|hOX4xDNSVq0n
Supplier#000071212|HMp1mI36oa7INuYO0ylxbiZmt
Supplier#000071278|WzAzmD2Usrqbv70viDcJ4zbDRes LM10
Supplier#000071374|7 cy,kEuhINsN
Supplier#000071383|zqBOCIG4IvSLIDQhBU9nhzHPDxiuvBvwdbjDda8A
Supplier#000071411|dzOWkAiwuAQTGMIW0oXieBm6ItXbovLwKD8GG,k
Supplier#000071463|Uvm1PSleWeRUcOyI
Supplier#000071540|IjPt2Tcuj kd6wQmBfZ,nruNNCmwkA2AgXG57HA
Supplier#000071542|YJ5LaXCGMqUI1SHuHUzB66c4u3cj4uVuYa
Supplier#000071547|KET06HZlti5PYRnIVQyzL18Yiy407NfwAzcjmLd
Supplier#000071558|icMjROOdr1qip7iq8I1
Supplier#000071559|KImeKWG1KyWmPzGJNHabExUTBuyLaDp3Ggxb
Supplier#000071701|q6LMJxNxebRbnbk0TAQO3KkIZcVewLe2gG
Supplier#000071764|doz0,BTBaF4jlE7Qb,nSjRThXYKVCY0P4QYg M2
Supplier#000071774|Ss6squy3y9f1dfe3 Y
Supplier#000071802|Y5MvaqDglsGVx2jZlQoY84qw4QmK
Supplier#000071877|f5Z6WPoepzI1jhQ7SxrhKKd
Supplier#000071919|Jyauw3qwyhxFmHX2RPOz5amVZQ
Supplier#000071920|EFqPRayO6,ZFc7ksy gJG2fG1mF4W00R95paF
Supplier#000071944|WdRdi2z0pN03Iu5YXH72W
Supplier#000071964|hLzKDmdlmxydyrKrRcQCTVB146dIj2
Supplier#000072077|ppoznYtLrcpk
Supplier#000072236|2d57ww3uCzZaB5
Supplier#000072247|G2M3Lw9P3IFbFO4S5naqBt0RmreoO0
Supplier#000072299|RgfvxkmfxiU0G5nwxOy
Supplier#000072311|FoFJDzaJXQJoj,sV
Supplier#000072408|X5b7a1x2NxkcENrVdvvg
Supplier#000072410|l9xCFXYnMKZN7d
Supplier#000072514|i0310qLVWi6sV2QUhA0g,EUY8
Supplier#000072535|Bat3srS7wfFHCMXH,YK
Supplier#000072550|CIZWNZ1WhAZ91
Supplier#000072551|5nZU aCrCPLr74voj5XMNBykp85QbxnQh
Supplier#000072598|0K,3sivemtAAQRSz3tNx
Supplier#000072670|BvA1a828tBbbzDF 68IZilOFX9
Supplier#000072719|D9Qjgf2KF7AYMACbavzNQKAb5lbK
Supplier#000072963|jaZxfRsZayqD5mLKzQwT,TTgSbjV
Supplier#000072980|,lsC erg4NEppQWtl
Supplier#000072997|2UpL6N6evh3llMtC09o6zbYAIAJyAa
Supplier#000073085|uu8ctTgT5tdnkVN5XoUL
Supplier#000073111|jSuSUIe9apsTLY
Supplier#000073125|MkFp2ceKUweJOvqjeG7nq8PCwuzaGSdaDwDKGeig
Supplier#000073174|pmJqPvCU1mv H1dkwvvTOkuamY3 xoUO65m
Supplier#000073207|uJmCocP11773H3vpsx 1SAyauO512yBmoH,
Supplier#000073250|KxQoryNHgn9G8yy2cTjN95v82 ,Xp2A8
Supplier#000073273|q2P yvYytMMRY
Supplier#000073274|ApOAffw0tgBxfK
Supplier#000073310|jCSpnjrKraHHC3Wo
Supplier#000073392|6RIjmQ8lHj6T
Supplier#000073434|bhjw5p ZzA0G54bqwtIug4Bv
Supplier#000073472|IBLVNBo3N 1DHmk55,wky7bl
Supplier#000073476|REj0aQMdEmt0nxx91Sw,wxcge9MI8,rI1G9I
Supplier#000073489|NLqBBnB,YNi7N8RKOlwXv
Supplier#000073584|M7qNPSYHExhTCvewfA
Supplier#000073596|gjVTWl6lmutHIZUlCP
Supplier#000073602|UyOj8vPd59e8gLTG5ur79GxVZh68xWSd
Supplier#000073753|Ne7VQMnV0L4 Rw,tlTocv56Np
Supplier#000073786|oN5UZ4SIu2WUitgrjCfYwerqfQhWz IU3 mr3A
Supplier#000073824|PnP3g2OlJqL5bu,TWgNcL2oY
Supplier#000073962|KhvBL4JEvbrIW4AWiisNR  8yl
Supplier#000074023|vQZu80Jd70XZDz
Supplier#000074095|DyfN6HY9fPHlB1
Supplier#000074132|Q5WSv6sPZmdkVXa6
Supplier#000074155|Ra,ZIY5TZSr2xXwL028PBxg8EXfzGSd1HQ
Supplier#000074185|BRkHX5GaosGxOqecVbhxZyqeDI
Supplier#000074209|qrXO5beY1cNX
Supplier#000074237|LrUI9ACy5P7d76r t2eyzouDk4OX
Supplier#000074250|yNFWFdgUxrOSa
Supplier#000074292|,Um0pp,j,Hfn
Supplier#000074428|4k9PKX1MUBNXLVbk0
Supplier#000074434|RToaF70Sde98XBprxVS0YSsErjBBtyH7
Supplier#000074444|,XHIUdP0TgXt9uA9
Supplier#000074445|lzMXtYpOT2wxw3j,VUhZTNL1gqFXPZ9cyB2yh
Supplier#000074530|KTlb618 wcZkOJW2t7E,cPm 6v5xzQuVB52ht2J
Supplier#000074647|yJ2H4KA50aSFRWsA9Lh
Supplier#000074820|iV6adG MspP5iujm,NwQBhmJSTYzr
Supplier#000074921|I1ecxWduSfVqmwLgiMv,JBK7Lupw
Supplier#000074975|,KfFXz22eVbBDUVX4Z
Supplier#000075021|8xI12sUhof11,3MGbxpd6u
Supplier#000075049|rA0Zi5Uxbqa,gM9RGSzDxZnPzjix4fdna
Supplier#000075199|b1SRyWOjFPpLATiHo53bTqiWmSjeyGyB0sD
Supplier#000075206|DPC19B3G09m,VFfh7fEgVsU,XUUj8
Supplier#000075225|dwFGdIeIB5kgHKShzKe
Supplier#000075256|qnCat5yLCeLE3VFGd
Supplier#000075368|vqDEdjo,OK4139ZDYbSUO6 Bbi
Supplier#000075482|PgrsNUGrW6mdvzxYdDoJKBAE5
Supplier#000075749|yDVYJviCL57gztxksokn
Supplier#000075818|dWE4XTaVtFF8Wm
Supplier#000075833|rQvgbgp4opxE1F,7lWmQ98yRnPt4XMRALTlxMw
Supplier#000075994|fV7iGEedr rT
Supplier#000076003|K1W8AzB35aq,
Supplier#000076036|K7FRgDzhK1mquG
Supplier#000076095|WIU5oNb7TQqv ByfALTZ 00uGx0h
Supplier#000076138|pmdlgstM Mu6ETKffxM3iIzf1eh6Fs2GikO
Supplier#000076278| 2kCqXGE,9MFfsFEYBmvIj2iF
Supplier#000076329|SqFN,OtMxhsp45XJXM5n70,
Supplier#000076333|deYU,sPqXc1UXBeigv0nTiGf1oKCNW0
Supplier#000076363|i3v1DNVl1uMqZyNYq QZO6yKAV
Supplier#000076387|337HFPpJJAwIUrhGbogR
Supplier#000076512|F2Hh58GG4Dvd7EAQhA fE
Supplier#000076536|r9Brsv8OZiyDSAELaPPnQ
Supplier#000076562|g30en6bkKt4bFqPHKZT4gfpAf8cL6AqeYogTDe
Supplier#000076586|MiVJYVUjeFG1bdknEyafQNpgp
Supplier#000076619|2UOZUTK5ItMku0HRBurLZeF20
Supplier#000076751| prg9DckbUpe, almonS6jfWsq
Supplier#000076843|jjaE2I fg70MIEV2HuMwa1XMx7Gi81,RNvDTB2
Supplier#000076891|EIswP7fjkQ3u
Supplier#000077124|9brxIi,7C vkTyuYg8PpRPqB8YrCexLIq
Supplier#000077137|tQN a5AMx4K6
Supplier#000077163|qtMgqr9wHFLA9Jc
Supplier#000077221|EcuIHrW8lpPsErZvodye7c
Supplier#000077234|qqB6kv4thh293EZ9BRSdmrmy6xT KBj
Supplier#000077322|jwX5sCg2ktCFmt
Supplier#000077378|JHb8 SFbTwo
Supplier#000077395|2O9PGxAQTcYgb0yl2ee
Supplier#000077396|dPIl3b2 NWM
Supplier#000077451|TZ7Cj49fx7
Supplier#000077464|pG9lVCBxw8WpwolyYQAmujJYGTZSauJ
Supplier#000077762|NNfoIh2wrVXNNUbH,saRl m4OhHt2Xfs
Supplier#000077788|RVDy3 WLCY4BEylld9pZw2b1YprYUZH
Supplier#000077808|g7,cqVE5i83cZa6UI
Supplier#000077816|eHQgziiH3rTAMyBVw
Supplier#000077909|vkRVuJhVeLHB2FrgyXhYbi6LOAId2sM5Wu91
Supplier#000077942|Ba8,VTRlUnSpXqjMrCH86HDCXK
Supplier#000077986|3TNbarIqtvIadhBlSNoLMbvl,w
Supplier#000078087|bySCEw5HD 4rlhUlBOgS
Supplier#000078116|laOVC6sqh21I5RFeRKjykm4VKbYZb
Supplier#000078165|Hacws0w9r9KHJrTPnz4Vyc2A1FPBz
Supplier#000078286|d3655KeKSXfi6kh4ZqZPxNtsPqwXivL8xfDx4073
Supplier#000078305|RmFZRqHkA1OvntLUBs5L6yDrBVteMy5GceI
Supplier#000078347|PYW5fnZz6wi5ahrkGIJRTV6tAnec4,7TeBAOX
Supplier#000078353|TwS2X1aq0lqPVkuMiny72e,ih7cVnhkvZ
Supplier#000078355|axmoYK3t16pMWQCHFBz4 bg,x4
Supplier#000078402|tBWcoJPGSGKN
Supplier#000078438|CaOjYg2CxqTFZhLAPFw
Supplier#000078500|DKCBAfWaf15s5ZRefe6F
Supplier#000078522|c0y1TYZu8qvS 0FN0BhYA1ll
Supplier#000078531|6lhenI3SD ,yFiBFp8zKz,6ONYxnMbJGhqht
Supplier#000078587|otbdCtjcXQ3g83igyFGOvZ7Kf
Supplier#000078608|zkroBuWIJoJNqvkNP
Supplier#000078674|tuaYCmw2aKSeWnQrPT3uylbZ
Supplier#000078843|SkNETtD3vAZtMNZk2Qs7buLG
Supplier#000078875|GY7RRrkkA,C
Supplier#000078890|GBk1r2nP9T8ZblqBpBVMhIaVjVLOhgsIJL
Supplier#000078942|8F9e9cChaza59nvQZAhRnXld6a2qYpLZD,cC6Qy
Supplier#000078959|MOVetfZHQTa39QuLKorlCbw,a1
Supplier#000078983|yAK2b5nCuYAprNN9AnUohepv18iKort
Supplier#000079009|oBINUBoR Pr8N5U,o,KtQZRKA9nFfWsKwYd7T5x
Supplier#000079050| 5kgWdC0bUWTRdVOZr9dtn4jEOeDvexd
Supplier#000079103|4BCifx0Wryaq1AiVqVkTCAK
Supplier#000079105|xu9na5ZFU4wmg35 P2WpQbTxws7CEwt6fvfR2 R
Supplier#000079145|gm4AsNSGoavY3EoR34f7tAbO
Supplier#000079201|NoEHlHrED,MWzobWky4v6bxi
Supplier#000079229|Hp8mBTUeTYNs0iVs,3PeaI6
Supplier#000079253|RHariqW4nsKv
Supplier#000079265|ODgJaNW7jVuTx8PXQOUGmRotq6WzDrLmLMT95 h
Supplier#000079302|gAj9aZqnQhMICplu7ycW8al
Supplier#000079377|PabE5Fy0P,e3dVNoO5Ui67QyeU
Supplier#000079398|tgSsWmB1Oo,aWD,ny,akOD
Supplier#000079424|ebVQHXul011qG9,TVXA6ni7xoJ1z0w6il
Supplier#000079458|kdJzneHDWA4rOVfwh4mr0scX,A0bBoJz3lgXvlp9
Supplier#000079479|yKZLr5XLHrAVKC
Supplier#000079481|7boB8CEbmmkGqdrJ5zowTJKBevbW0x
Supplier#000079527|Lvzy,1N nblQ6XrQjtB5c8ZqRnLlM aLd8pm2w
Supplier#000079561|rUFc7WHblgao0PFDZ6f,PTC
Supplier#000079634|MhpXzkx7i9DnUPPtNF5K,VBCU0B9
Supplier#000079673|G5TiRjbp7nIm  msJ47
Supplier#000079706|mKEBbWeerjd
Supplier#000079781|reYVcGGk ev0lO 6lMhzKvpMfIc
Supplier#000079827|Btd9fDZiJWjJUUV8QHAWQ
Supplier#000079849|7jyKGqB5og9k
Supplier#000079876|WsY4lVMPA9
Supplier#000079903|1Ugcv0KECdE1P0DN4quIbY
Supplier#000079944|b1gtMThzpTfRD,YKlT,i1ag 5KkPeO9AJeTze
Supplier#000080016|W,W1qLdcONbtJcxxPIWkMITYdVPRTRFo,
Supplier#000080086|Xdq4LUB11mjE8dCJ9kpFqv1WtXut4SX8AqPOH
Supplier#000080271|IsZgqIsw,vMGgyuV8ibSXxu8PeWx9u6k5HoIv
Supplier#000080314|ewP7,sSRHutilXl6 tVm4cJEiqhwwa7lUVt3
Supplier#000080411|9kjgBofb03cCJ7zM1Nx
Supplier#000080444|agQz1HJxQDjQFH0Jeg ixM5yJiIdqVd3H5VwWVNG
Supplier#000080459|s,ANvHcOmvzL5vsbGcxDfyq7BKoh9AzC
Supplier#000080701|iGXwKay9uQdnBp09hjE2CkT2HQ GkDKEj,
Supplier#000080803|UVJbG2 FemyOqbApG
Supplier#000080863|KQGAtL,DrjxSUF,9Sv2sqf6YjvqRMh4 z
Supplier#000080904|8uKG9sne,YXQH
Supplier#000081039|0UABl2oqD9o2pBjzhYT6S57znyrir5 5V41zH6NK
Supplier#000081057|g26Cp0ESxEBdIqYSLcnLsrNos0d2zMntznCcd
Supplier#000081062|nh5rIV8h5z1XTnXbzoEAECW
Supplier#000081069|htjhM9YEcSsPRtsSo1C l
Supplier#000081197|dPHXs1V,s8FFqiS
Supplier#000081368|SrwEwU4M4PiXVOfPPDWb l1uqY
Supplier#000081385|G HMYmggL5W9NX2q 7nD3PB4ftrHH
Supplier#000081468|JoV6IZIJeNyoEeVUXDlshgbQR dsu6D
Supplier#000081508|xiriNHToX4nJ
Supplier#000081549|g2 ik5u9QmBuT9vu6CesVBiZ0K4z8BAtKN
Supplier#000081586|ZejY1dUW59ZgCOQTPoc5vAzbTzs
Supplier#000081612|PjZOi,v3LenP
Supplier#000081639|HfZevjA6XkX4E OMb
Supplier#000081651|gyRxCgypTF8EJU0rNK7Tj0ymVH
Supplier#000081760|YNFDIwbFZi9 LR4aZ
Supplier#000081884|hpur231WaYJMdg,wAWhWQHPRxahA94kuVpLUN
Supplier#000081953|zll0CLzaz8w
Supplier#000081990|aaI1GMp3Vc3Fxjx SAGetBuApTV271O3
Supplier#000081993|s9Lkm 2YKz,1G66Dgke2lRlFY00JfVdP1UQ
Supplier#000082081|d5lfU4b9EDekQCc8,eyLaJydJjs
Supplier#000082086|HbRfxrdPt8yWJUdEOfjPHT,rFiWXAu9HLy
Supplier#000082129|fLCErhAD6f3K
Supplier#000082156|z9bgI sQvNgmvc6S
Supplier#000082205|UVWVeLBydnhL
Supplier#000082270| ujlR7HZIku9LER7i6zeP6X6zr6wiO5,OG,
Supplier#000082365|2ha3E9QYXXX4chJU0yVzPWkVvS
Supplier#000082408|BtkMA3I PVVwKi4S DWlVd sv 
Supplier#000082445|kAj3eJ0Fb6rUw5vDq42xRZFlBhysa5
Supplier#000082547|2dUiUbSaHgm5ro,Rfm
Supplier#000082591|YK,f8w66Jw2Vh4E
Supplier#000082593|BCKmnNo5OlBoGbqhi4JL1foChtLddXB4InNUSe
Supplier#000082815|luCKQt4bCGRM
Supplier#000082851|VzTN2vjpz0rH7afg2xFF,bl93
Supplier#000082964|mh3 ATJXmuPGRBsNoDyvAH0s,6 TVki
Supplier#000083092|,5odzlDaNdNWy5MAAZoCMxWrg,AsI
Supplier#000083200|3MIoKLDFq3ZoMNfArg8u4cU
Supplier#000083282|7xnkAyZRG7cvtNenzCtAiOOY4
Supplier#000083333|hqhN fG5Vd56pDhDD7m6OBUJqlbTpiYmzK9SYu
Supplier#000083432|3pHLdtTxpJ zK
Supplier#000083571|U38DqMtNsvNDz81wxD6Jv
Supplier#000083580|4UXzz6fHbRxsKdT9eEBw5t,i4 hGlnxM
Supplier#000083690|9 rJ,DOI8V3ZdQ6zgvC
Supplier#000083753|wt6It9TGWJuwz,W4uz5KL9GArgeaC2PdyIUv2nP 
Supplier#000083780|wgpzj1ATYODdZk0L0Ft341
Supplier#000083848|7r9mzvgI4drk29fW
Supplier#000083874|6q5BMPX4m8d6VItBUMO2DH9QGIfz5j,iIF
Supplier#000084020|0Dz9VI8rFz,z7XpkCUAVOB0YRe5aFfnXuY739W
Supplier#000084060|rIjdM7KXNt6hRGJ9r2TXNez4wGCW,abtG1rz
Supplier#000084136|cQYit8rpGvhcvxY,Wb6AUyND
Supplier#000084144|yJ3EnDcIhvXlbPyH3Ie
Supplier#000084163|PPNUOTFaie9N,K4Ds4no4WSgikROddI
Supplier#000084301|JuMnT5KS2G4vGVZWdDMzL3
Supplier#000084303|stE3Na4KXr9kGGFtoOWODbo
Supplier#000084311|dYTiQZagGOd3Jzzhd
Supplier#000084383|ti1QC6ckAkivLojtkAAaOqqGjRDKBIbneDp
Supplier#000084504|TxNUgwos4T
Supplier#000084506|vsQoBnsaW3utpOAfT6zsryoz7mEO0tD8
Supplier#000084609|pQn1oeB4qgU4fIJhMciEtQqnFjBa8Hxrcnkiq
Supplier#000084624|jV6mJ4HPLKQEssZPmFDw3J9bmJXnAatB
Supplier#000084673|V3OLnOx5Mf8QHyzwdNFIBAPCZ
Supplier#000084688|h VMhzd8bbFNppn0t2
Supplier#000084754|RYjPe1bkCbR4ly1tYBcul5jb1
Supplier#000084840|7WAKHu03g6wcH5w2B5pRx36cRHS2a
Supplier#000085015|6G93nEwixXSCU3a Feh
Supplier#000085043|1swX6gipFWSu7mVDJR66jgaeNkhYB 0zc N9
Supplier#000085093|muquKdZjVrUYNiJ7so6aH3XWhkUFoj
Supplier#000085200|iaYHPwykM9XeH8Sps6obZU54BAjUFXrf2K e0
Supplier#000085294|izoHVNYmztOeUz
Supplier#000085373|wf9,KmT2kKbSp0UnrC7p
Supplier#000085402|lClTAV28PI3DNHjE
Supplier#000085487|oo4HCthqNABt
Supplier#000085500|lf8GnMYI0,y9QBlLDof8SyOe0H
Supplier#000085541|N1ooXLBUdA0dHiAe49mfqhKB,3248mD8Nqv
Supplier#000085593|,2Mz3pN4AA2dccGytMoeXA0Ab14EZz8Eshn
Supplier#000085667|M3CoW6HbUWXfBHA
Supplier#000085704|CrrQ45yGRFGz1yYRDX6N7t7uZQiGSmW
Supplier#000085770|UAgCvjpdRZW6HSdP5awrxcUUpFs2rNsVLvq821B
Supplier#000086092|DCMbzYVpjECV7XBn K2SmZNpMa
Supplier#000086187|F13Kkyw 3fkspDN
Supplier#000086291|ekfmCFN3g1SNEjww8F49PqskB1p4O2Lk1
Supplier#000086408|EXmoBsZdN6oN3PIlnxe2M9MrON5
Supplier#000086418|DVrHb5OZm2i j5xzOrlTk
Supplier#000086497|5NEHHtntg202TfL
Supplier#000086504|U7h0HJwJgVY0gBZjgFSJsatUq
Supplier#000086614|XlMo W6S5AtQSaBoq
Supplier#000086664|uSmMUdnZGgSQY5c2k9ONRVDil,vMShMV4D
Supplier#000086715|Thfel4JreelRrhLfxlDNqb8GZ8mGLK IZ6o7S
Supplier#000086729|F8oriOH5vjMEQh9jfCwGgpvw1f
Supplier#000086735|fFAhqtTNT0U23V2q9FQpgU8fqibMDYQr7atxLp
Supplier#000086766|,AjLw,,oEILja gEY4f8i jwKQdqNcfLz2as
Supplier#000087016|9bCwRJhsfJj
Supplier#000087053|LN666axQxIVvjIg
Supplier#000087070|BHFuqTuxuG2qNFssSerDqBYs7yZHP6rtnfVm
Supplier#000087100|IGX3LriRPsjDusVU6BKciR
Supplier#000087154|TdQ3fJ8dcSZlHdBAkVSl8FLPdXO4mqk
Supplier#000087194|F9Em,ZK gj0
Supplier#000087217|Am,ZzMh,JNF,hGhgcw2YHSLjsj
Supplier#000087219|WTdPFcvsGR
Supplier#000087234|q4Ow6Vh83fWMkOZdS,l
Supplier#000087339|4diIqD5x7Fvub2s7lMj0Cus
Supplier#000087432|TsJ1SrwudBgqh6tRk16q9z76zclsDrI
Supplier#000087467|lgR,oNFT0CeYExpjl8hlWof
Supplier#000087475|MAZG98PG1XKo5pupmvldjnKr6v8dOuvYGYow4s
Supplier#000087560|iuDmYz3Du27uUDTbMhcXBP5eX7
Supplier#000087611|XWz6i6Dd7UyMrblT,FFIeyE1xH7m2TbwVZKR7m
Supplier#000087661|30On9twdi8oI3pBN1ZsZjJ5AEBh02bcy8mWuL7rM
Supplier#000087673|ld,I6,c1NmysQpE4Oky,crG3fV7K0fRG3
Supplier#000087719| SPWMNJDTl5RjgcBIqbfHJSj,qz5gWOOi
Supplier#000087903|tJbHrTOgWKamBW
Supplier#000087915|m1pAZxQKddD1bdlikkaR
Supplier#000087976|hHRkVJoyBVZc9gugAEwxVaN75g9a8,F
Supplier#000087994|yAtiYaZFnWCFDl57H9FP0bumEzZpdcNGPwkYVh
Supplier#000088072|XDi dOUTqQ5CflDcusRyxAVJ7G
Supplier#000088087|Vu2tq11,R,2Fxu0BIwoguPzRkMpBT3ynRH44D
Supplier#000088109|5LmaiIfDstzGNc9B06
Supplier#000088163|pVpjowBMUfySMgdlmFn
Supplier#000088181|r6j68uBS1J7DkLHOuLT5zDz3XgSH
Supplier#000088214|Y8DVBJn63JV8XYKaj4XN090dXVjUvV4pq3
Supplier#000088257|ND4R7ZGIW8wNMqU0 
Supplier#000088261|MGlYOaTn9MDGrtk3XrgYdNQoCs1ikHpPP821fB
Supplier#000088305|RQOcD5702XVE2GMYwa6uDIi
Supplier#000088322|twToS1eivC2OrE8ntN2UtMUgbc7BO3xxAt
Supplier#000088326|zUruNiSyLmn3yjBkovjjcdBlzxfg XMooA
Supplier#000088332|7skh6yTteJY0B9pu33uBV63Psax9sD
Supplier#000088376|N28J4zre2IrtzrzRy2YoP2bC5BFb5NC4uVJqS9KX
Supplier#000088566|AKhdysw JcAHZPpXmEXCWM3hCV6DSLkaI5
Supplier#000088605|q6nFhNRhobxo7UkGEQ1zMvhLSY
Supplier#000088719|7rzAxTczUcjt8btQt2qmZOAYffXL
Supplier#000088792|yd4yR05W,GGmrOv
Supplier#000088905|iv7N5fQzcHeaJlmM9Vcyryn
Supplier#000089073|wE9cieMIUPuUlyws
Supplier#000089101|3V9wRmmF9RdnhgzYrz,5bU,NPrtXDXhjgt 
Supplier#000089343|S4alHSr,8DAnHahbiw9fcv0Y8
Supplier#000089355|3KZVDvdPLop
Supplier#000089366|1v1J0vVO7Rlb1iYWJ3
Supplier#000089410|UcjApWYslihO7F,GPCBe vQz0O
Supplier#000089537|FvFOIiEusqDACOHI07xCUO6TC
Supplier#000089550|afYnCilki4aHspBA1fY Mw PcTVmw1C4W
Supplier#000089776|DOcRun98tGTch6J6u9fLlpY,p
Supplier#000089779|Wqwm7s4VrCovwJhpQbmcheLYl8XL2ciJW1FVb
Supplier#000089876|f0o1,9xA62w3wBfeAQG7I8Y39qIPGIix,uf
Supplier#000089910|ZpUIudxfZBiBltz73QiIUX
Supplier#000089976|2Kb2GebGnadobbfMp,o04d3N
Supplier#000090027|k8hytcNq0iFbJUG4
Supplier#000090084|QgbyNGNKWH6jz3Zo5EF
Supplier#000090143|YXS3FbaCqv 8tx5GFKEkZAG 
Supplier#000090161|ETz7PkWHwIYn9RBAwLnlO
Supplier#000090256|tVOdzDqVW,YVzEeD0bo4
Supplier#000090294|B6IrLe5uxWnmHy
Supplier#000090597|Dx4H5skmoTsQgd2jd,,
Supplier#000090649|A22,idBMLBRD
Supplier#000090719|1lg fgmYWU1PrGLTfRku3R1NPxOl2ZN
Supplier#000090758|s6t6UCh34elN3T9tRhFwoUMQZgbi2t2f7O2
Supplier#000090762|wnJiy nsezC
Supplier#000090878|TovoP0,Vqb
Supplier#000090882|UJu3EGbGWgmA29C7Zp
Supplier#000090995|V6TlwqDs1hbwO5jh92o
Supplier#000091006|7UNVSp9MaMxymL2a7ZJCkx8Uvl9zHkFdz1,jb
Supplier#000091008|mL0IVzmnx2d3wW7UnCtqKHMenIj
Supplier#000091037|6 wuP1cBUS0atrR4KF5 caHpcaDzrJL
Supplier#000091078|Io9UJlJQfxJdoA6XMRU1b4Nw0tyzWwXIGMSpjF
Supplier#000091174|gBncWUEY8I3h3ScW1LVcS05ro1nx1KN yvT5SD
Supplier#000091222|HaQy96U7Tpt8x
Supplier#000091334|S7IDqSKExS93n
Supplier#000091458|6ZHin96AvLG5
Supplier#000091463|rfXGgpqPo3UuXGFIrhoVUV1aXS6gZIfIRSR8
Supplier#000091468|E0pTc7BQKHNgFz6k1pKZC
Supplier#000091541|0o5WM8bx0jA5K7Ixdvu
Supplier#000091542|1Q85daMoh03Og,lE2ckoAb8BtG
Supplier#000091563|2iHLFmsLXoj5ylWJOqEjKm0,x4jhRDYf T3ytlSW
Supplier#000091636|m823Zq5t es9Qh7Iz,rr7LQfkx
Supplier#000091639|jOQ,TePM95Pf6Uas
Supplier#000091640|cOPp6RqFTCsEJb
Supplier#000091661|dMebss3qj9zVTu7p9lP0k,gtJVQvo7Uq1iNjfVN
Supplier#000091787|LRUDttIlMwCqiXXcJ78Xo9
Supplier#000091789|f3lpWpb2CT53YHi8UMjrjldjCVYiiA
Supplier#000091906|Go3 PLH3QCnXpuugSTJ2L9
Supplier#000091922|BZslJW8UH3g2kh27
Supplier#000091965|KOZZwIT0wWdDF8kDgwNK8nIQSQxhrUPnaoEiFNb8
Supplier#000091986|GB5yNAaJIlOzqRpPnITwSo7jc
Supplier#000092180|7yZ 30tGxzBLbqx6936znb8z9kltTCq2
Supplier#000092187|BL,98BoL6UJh8ctkXxhsUu
Supplier#000092269|6OtjVGtiRdkwHFGvVodp1g
Supplier#000092337|EA CGT4mU ejnkfFtRNH
Supplier#000092525|5hyof0hKePSZouaIKxN
Supplier#000092546|HRKQaLK0FDnRVELzNotgw
Supplier#000092547|TGB,XZTb8zgzqFVwL
Supplier#000092588|39qaPzqYmp4e5qs8LHg54
Supplier#000092617|jTs9RoM3,GhEoSXDAVDP5kJM UMnUYr
Supplier#000092659|LQI9S7ZY o6cZd
Supplier#000092730|4dPFZJiiOtA J87BT3Z4L6,I5HK3nKoB
Supplier#000092738|pJsdwJynNGhMr4TOj okjp7C,v827UtO,0B
Supplier#000092755|faKoQojD8OXAQfv4EV2T89Q
Supplier#000092785|m1W,m,wq HyobKeFzlm7oR4SVNaxql7UkXB B
Supplier#000092822|2Af0obu4WC1Bcj96
Supplier#000092865| YIgNMs1m4baAmOtM
Supplier#000092934|nl4XqHW1mkY2ulAbCm5Ep76QXsHXorFuRFP
Supplier#000092936|Mt8rcL1YbEaNj72Qt
Supplier#000093057|ZpjwHO088nWU5LmlwHuKV8tUAO1djjosh2oEgMN
Supplier#000093213|BrMd7nw1LM
Supplier#000093274|OwTTpUyG0EASm
Supplier#000093275|ZBS4tQonCEooTJwv68oSVxsSwb39A0BWtGpzE
Supplier#000093294|DRtJNaCOx8,
Supplier#000093387|ANHX,timmtiO4SnDEQd0x444
Supplier#000093514|xizcORYi7ALTI5v
Supplier#000093572|L6t9fJ,jVWF02pexHRufAFyIKQQoFw1Muxr
Supplier#000093713|UIXZi5POVguHKX3NW2h5Zevp,zVjpZ3VOXDfSdz
Supplier#000093720|9k 9h4 xvCb 4C7JdOvAnM
Supplier#000093766|pxtmeo6FyH
Supplier#000093780|iXlqPU,6TMMPOQ5zTzXQqnkONuecE2qFE9f
Supplier#000093787|ALHFBAg8gnYgTDcPpFf3LBs86fd0gk51gBRM
Supplier#000093821|NQN5R999FGM
Supplier#000093896|SGI7HKfoJtlUaxZtOiPTXQ5R
Supplier#000093940|VHeocs9MXJ6Q eoMAKEr,ozgK3BQYzl p54A
Supplier#000093974|sao1TpGqLM1l
Supplier#000094116|98ubEG4Gk3JWlWEL,PXu
Supplier#000094136|fmZLmgAY4nwQY7oph
Supplier#000094189|RNIQRPH0dkRMRN OwofC,V9JTa uKwZYC3k
Supplier#000094225|BbI89jPWgdw1xcqEEdPc, LHz2vY8,a
Supplier#000094229|,VEs1MNX4c2POTCL7 JSiY
Supplier#000094268|Cw,zOg8cWLQ2aJ7RTFfFZXN7UGKDlJZw
Supplier#000094271|xRD5W3a4G5SuBgLftMEn4TLVqnmhUYI
Supplier#000094332|f8rbMsUc1KW1Yx CP2yg592jsPRsnanwVqkkr4VC
Supplier#000094392|XxxHbY jpp,,b 4aXbbWUowHRFdDIxafnrl
Supplier#000094437|KNkoDUwkXbEF5Kd 
Supplier#000094575|46rsfQwjfMJsfdF14XjW
Supplier#000094584|P7v66VMVmhFm6BpPwBe qWKzRvlp,Af7mmGu6
Supplier#000094681|dUXt7Yggyacigt
Supplier#000094692|H8QzNg,WmvvXrz
Supplier#000094706|nbU3CzejsKnCgYLa
Supplier#000094718|,YAVvAES8khm4eA8gLnhV1n0QOfQvM2U4o
Supplier#000095009|a4RpuTlV4lM93QX4pSef62jP8917Ntjs
Supplier#000095106|94iPm03XOW7EQt48OXMS1Elluz05BQ
Supplier#000095207|uw,C5eGzm9rUDN2UzYh0I7oYHnje9FcgY
Supplier#000095267|YuuqJOYfWFzIFtI0
Supplier#000095413|NHyg0pTp8T6tC4Cx
Supplier#000095466|e27vasUjLKK6gUS1goPrpHkcoh4iec
Supplier#000095553|r5kp QXqEOFAp 2 VIW qcImZu
Supplier#000095595|54F NduiyTklSwPlsWyy5f9D2Q
Supplier#000095615|mTes2PnF74Rth8TuXMy40IVE9xGYRuPvG
Supplier#000095642|phsjpzEnA0f tAlQ4jSw8SlNpb4XaOpaGzYWyOrz
Supplier#000095662|CxbRxC7 crZ37x0f9v5SSKMQ10ldrhag290N
Supplier#000095749|5b7wwsdIWgdgwtKHwX0ITrGij7Lxc
Supplier#000095754|yJOb FE,Xov
Supplier#000095781|TRD0Je7yEEH,kYpuFtkTfpUU5FSdfCw0g3dG
Supplier#000095867|GfIZt7sGrZLGwHmxQ,V2PK
Supplier#000095943|ALBgQeGsNrXrm
Supplier#000095949|d0NLyEmgrT9mCzYvgCMjSumX9De0P7OOXCEb
Supplier#000095975|nDm1N3gZt1f0
Supplier#000096067|bSC5kDf8CgSHWAj71
Supplier#000096096|p4GBPSEdTndoF9GajUnR3gj8YEVoSec0eLOUN
Supplier#000096100|zKIdOONuCmcqH7qjPdvqDsvAW10kAN6
Supplier#000096112|fYUkBuUZ,W5IAuvlUv,pQ
Supplier#000096174|YwQmDG2w,49MrS,eN5
Supplier#000096297|NvnFS4Ko0nmKIvBN2E iiWnmk7ndA,rJK
Supplier#000096299|MCInbU8 d0TIodF8tPlxGt92E6oe3OOMmPj
Supplier#000096357|JTllFi8vBar1RT0,nINfcWMEd2AHQmuoId
Supplier#000096496|owzOys,7MgSIwEkAIEexrg,
Supplier#000096572|WoH0f9619,KzOZojTEllLFWDEoQmdX
Supplier#000096634|ywPUbRl9cYRe5E0W4Ws s
Supplier#000096708|D40dw9zYdRrXmucLHjrTruaib0lSXeo
Supplier#000096776|SkgUz ViJgEvdEIly
Supplier#000096785|,KSVHYun6o1gZ0Lxitr
Supplier#000096878|uH,p684QAkQSciqDJlNx694
Supplier#000096903|ELLr0AsOxV2Fjd3dOZ rVcQCcEBc4L
Supplier#000096988|LIBm3yoPgA ejHzTlkI6iHTTBtSOK M
Supplier#000097012|oBOhiQax52
Supplier#000097109|aZeHCf2 fhWd30e5nUcKiXo
Supplier#000097137|6i6  5FRI348wHZMfADo7Xdd9zuw7JEkQxQx5,U7
Supplier#000097190|33qRWl0mNcruHLTCQDKWK8kdrbz0z5vygAHLfdq
Supplier#000097191|Gm3LRfzR058,sQy3i4f3
Supplier#000097200|C3nu9C3MT39TBqLewunr5JrbNp3
Supplier#000097265|aTB4PDM YAZ9z4d0db
Supplier#000097372|caUX1Jiu6ucA2YQqqMLLi
Supplier#000097564|3Q,nxI 0W AFzj4NsZVG,xQAcDVGc 2y
Supplier#000097577|c4LwV4wrJJIjZSyofAbpHkAwLKbpEXupm
Supplier#000097586|K1XSwvqDP1l31x r7grq4O9A
Supplier#000097720|QY0oEASEAxan1mCxgC,7enwuiRXI49Wk1,Q7
Supplier#000097805|m55ugVNX8bBIolrXaH
Supplier#000097813|gAATJmBmleeNGx9u7dMHQK
Supplier#000097822|za9CgP8Inn2Uxeiku6BA1w1
Supplier#000097857|tqMuKNjp2Vgzp4
Supplier#000098021|CApdix3wVXN8WSBWeZaD5S,spGKl6eyrmTyGZka
Supplier#000098204|CX7kldeXNn9yN 2uGxib9CsaJU7FvUpXYJ
Supplier#000098410|aBoek,J8tdIVDwurS
Supplier#000098420|G10fjoCQf8XpO8Sp9wODmh,ZHq1zphXK2Xb
Supplier#000098434|DduF jbb d732OmKeYuOZ
Supplier#000098494| hbb SbLYNuVSTRB9rzhTVNJImv0
Supplier#000098546|G2yF11CCh8j5QTakgZWh
Supplier#000098693|66ed79twLwpB3ry N
Supplier#000098697|XU7KPaxY437ccSb
Supplier#000098715|EtLqdVePHIPWQ8kqS
Supplier#000098726|55hczYDbpFzWH,VMm7LJbSDrtOyK75,2n
Supplier#000098815|KslDLPnFoLnQgvsSuEYliCAoLE
Supplier#000098832|uhifyfwD7sfRAtoK82Z28J,yLbnEbR Q3rHN
Supplier#000098934|YG0LoFfl4DdF,B929wnvi
Supplier#000099051|cTcjELDRqM3P423t,WYl9,glXF9OvP0tHMaP
Supplier#000099124|R0ImUinT6UyBC
Supplier#000099199|H87Q3ovT LHPPJADlQMGB
Supplier#000099230|QAo53l4PXV9pqdTdSYdaB8FL
Supplier#000099265|XtBLRkxY5lSKOug2Or
Supplier#000099485|teyP8uL,7sHc
Supplier#000099501|arCIVgkccxzRoR
Supplier#000099546|bZzYQPypMUCQ2GrgabR46OHHJS5rDsYAuyW2I
Supplier#000099624|HWzYpuecCQ
Supplier#000099653|DWN804,3S5STxS
Supplier#000099660|kjIrXTxFlgmn jESzINhruwqs9Th6Q8II
Supplier#000099668|8MqWCwVpN oJeOL9ZMvtI
Supplier#000099692|LsMOdiqOZmQo
Supplier#000099718|,hcIovz3P37znhrWS3,IIZfibZGnyA
Supplier#000099727|t1JDCHPZdRLVYHhhPdTSIboPboG
Supplier#000099755|Zf7gMe1LvZt0gW3r4A
Supplier#000099756|MVqMMGXYjEFh7MVSxIISyxmf5TGWz2NYVeFxAOuP
Supplier#000099784|rke4iWshcjJFZVWGd4vYL
Supplier#000099800|hxl9RaziNdNHaAhXrNsSJk4
Supplier#000099837|9PvUcmWMhf
Supplier#000099851|FdYM9nxb2ump vezSSe4qaoMtD
Supplier#000099853|zC1TZJiRLFu2I129lxqdI6QB
Supplier#000099869|ZDpGfmbiqeGovro2O6frw302sqW
Supplier#000099877|d35WQgRbGIaZiPCv20ymP5bTV
Supplier#000099879|YVoWulAwdZQ
Supplier#000099892|bu8PEUEDsU0CeTeW8w4gDr5k
Supplier#000099942|LJJzV6PR4YnaDm6LCRcw
Supplier#000099955|1P1DzqT1P MT0qrO0Vuc6 zk8
Supplier#000099980|As8Iaeb75i1DfvXqnl0M6eQFeax4
Supplier#000099985|8NDclMS,EEJOa4kVqiNiilk3kPfvgOg3KY
