'2020-01-01 00:01:01','worlds'
2020-01-01 00:01:01,worlds
2020-01-01 00:01:01,worlds
2020-01-01 00:01:01,worlds
2020-01-01 00:01:01,worlds
2020-01-01 00:01:01,worlds
2020-01-01 00:01:01,worlds
2020-01-01 00:01:01,worlds
2020-01-01 00:01:01,worlds
2020-01-01 00:01:01,worlds
2020-01-01 00:01:01,worlds
2020-01-01 00:01:01,worlds
2020-01-01 00:01:01,worlds
2020-01-01 00:01:01,worlds
2020-01-01 00:01:01,worlds
2020-01-01 00:01:01,worlds
2020-01-01 00:01:01,worlds
2020-01-01 00:01:01,worlds
2020-01-01 00:01:01,worlds
2020-01-01 00:01:01,worlds
2020-01-01 00:01:01,worlds
2020-01-01 00:01:01,worlds
2020-01-01 00:01:01,worlds
2020-01-01 00:01:01,worlds
2020-01-01 00:01:01,worlds
2020-01-01 00:01:01,worlds
2020-01-01 00:01:01,worlds
2020-01-01 00:01:01,worlds
2020-01-01 00:01:01,worlds
2020-01-01 00:01:01,worlds
2020-01-01 00:01:01,worlds
2020-01-01 00:01:01,worlds
2020-01-01 00:01:01,worlds
2020-01-01 00:01:01,worlds
2020-01-01 00:01:01,worlds
2020-01-01 00:01:01,worlds
2020-01-01 00:01:01,worlds
2020-01-01 00:01:01,worlds
2020-01-01 00:01:01,worlds
2020-01-01 00:01:01,worlds
2020-01-01 00:01:01,worlds
2020-01-01 00:01:01,worlds
2020-01-01 00:01:01,worlds
2020-01-01 00:01:01,worlds
2020-01-01 00:01:01,worlds
2020-01-01 00:01:01,worlds
2020-01-01 00:01:01,worlds
2020-01-01 00:01:01,worlds
2020-01-01 00:01:01,worlds
2020-01-01 00:01:01,worlds
2020-01-01 00:01:01,worlds
2020-01-01 00:01:01,worlds
2020-01-01 00:01:01,worlds
2020-01-01 00:01:01,worlds
2020-01-01 00:01:01,worlds
2020-01-01 00:01:01,worlds
2020-01-01 00:01:01,worlds
2020-01-01 00:01:01,worlds
2020-01-01 00:01:01,worlds
2020-01-01 00:01:01,worlds
2020-01-01 00:01:01,worlds
2020-01-01 00:01:01,worlds
2020-01-01 00:01:01,worlds
2020-01-01 00:01:01,worlds
2020-01-01 00:01:01,worlds
2020-01-01 00:01:01,worlds
2020-01-01 00:01:01,worlds
2020-01-01 00:01:01,worlds
2020-01-01 00:01:01,worlds
2020-01-01 00:01:01,worlds
2020-01-01 00:01:01,worlds
2020-01-01 00:01:01,worlds
2020-01-01 00:01:01,worlds
2020-01-01 00:01:01,worlds
2020-01-01 00:01:01,worlds
2020-01-01 00:01:01,worlds
2020-01-01 00:01:01,worlds
2020-01-01 00:01:01,worlds
2020-01-01 00:01:01,worlds
2020-01-01 00:01:01,worlds
2020-01-01 00:01:01,worlds
2020-01-01 00:01:01,worlds
2020-01-01 00:01:01,worlds
2020-01-01 00:01:01,worlds
2020-01-01 00:01:01,worlds
2020-01-01 00:01:01,worlds
2020-01-01 00:01:01,worlds
2020-01-01 00:01:01,worlds
2020-01-01 00:01:01,worlds
2020-01-01 00:01:01,worlds
2020-01-01 00:01:01,worlds
2020-01-01 00:01:01,worlds
2020-01-01 00:01:01,worlds
2020-01-01 00:01:01,worlds
2020-01-01 00:01:01,worlds
2020-01-01 00:01:01,worlds
2020-01-01 00:01:01,worlds
2020-01-01 00:01:01,worlds
2020-01-01 00:01:01,worlds
2020-01-01 00:01:01,worlds
2020-01-01 00:01:01,worlds
2020-01-01 00:01:01,worlds
2020-01-01 00:01:01,worlds
2020-01-01 00:01:01,worlds
2020-01-01 00:01:01,worlds
2020-01-01 00:01:01,worlds
2020-01-01 00:01:01,worlds
2020-01-01 00:01:01,worlds
2020-01-01 00:01:01,worlds
2020-01-01 00:01:01,worlds
2020-01-01 00:01:01,worlds
2020-01-01 00:01:01,worlds
2020-01-01 00:01:01,worlds
2020-01-01 00:01:01,worlds
2020-01-01 00:01:01,worlds
2020-01-01 00:01:01,worlds
2020-01-01 00:01:01,worlds
2020-01-01 00:01:01,worlds
2020-01-01 00:01:01,worlds
2020-01-01 00:01:01,worlds
2020-01-01 00:01:01,worlds
2020-01-01 00:01:01,worlds
2020-01-01 00:01:01,worlds
2020-01-01 00:01:01,worlds
2020-01-01 00:01:01,worlds
2020-01-01 00:01:01,worlds
2020-01-01 00:01:01,worlds
2020-01-01 00:01:01,worlds
2020-01-01 00:01:01,worlds
2020-01-01 00:01:01,worlds
2020-01-01 00:01:01,worlds
2020-01-01 00:01:01,worlds
2020-01-01 00:01:01,worlds
2020-01-01 00:01:01,worlds
2020-01-01 00:01:01,worlds
2020-01-01 00:01:01,worlds
2020-01-01 00:01:01,worlds
2020-01-01 00:01:01,worlds
2020-01-01 00:01:01,worlds
2020-01-01 00:01:01,worlds
2020-01-01 00:01:01,worlds
2020-01-01 00:01:01,worlds
2020-01-01 00:01:01,worlds
2020-01-01 00:01:01,worlds
2020-01-01 00:01:01,worlds
2020-01-01 00:01:01,worlds
2020-01-01 00:01:01,worlds
2020-01-01 00:01:01,worlds
2020-01-01 00:01:01,worlds
2020-01-01 00:01:01,worlds
2020-01-01 00:01:01,worlds
2020-01-01 00:01:01,worlds
2020-01-01 00:01:01,worlds
2020-01-01 00:01:01,worlds
2020-01-01 00:01:01,worlds
2020-01-01 00:01:01,worlds
2020-01-01 00:01:01,worlds
2020-01-01 00:01:01,worlds
2020-01-01 00:01:01,worlds
2020-01-01 00:01:01,worlds
2020-01-01 00:01:01,worlds
2020-01-01 00:01:01,worlds
2020-01-01 00:01:01,worlds
2020-01-01 00:01:01,worlds
2020-01-01 00:01:01,worlds
2020-01-01 00:01:01,worlds
2020-01-01 00:01:01,worlds
2020-01-01 00:01:01,worlds
2020-01-01 00:01:01,worlds
2020-01-01 00:01:01,worlds
2020-01-01 00:01:01,worlds
2020-01-01 00:01:01,worlds
2020-01-01 00:01:01,worlds
2020-01-01 00:01:01,worlds
2020-01-01 00:01:01,worlds
2020-01-01 00:01:01,worlds
2020-01-01 00:01:01,worlds
2020-01-01 00:01:01,worlds
2020-01-01 00:01:01,worlds
2020-01-01 00:01:01,worlds
2020-01-01 00:01:01,worlds
2020-01-01 00:01:01,worlds
2020-01-01 00:01:01,worlds
2020-01-01 00:01:01,worlds
2020-01-01 00:01:01,worlds
2020-01-01 00:01:01,worlds
2020-01-01 00:01:01,worlds
2020-01-01 00:01:01,worlds
2020-01-01 00:01:01,worlds
2020-01-01 00:01:01,worlds
2020-01-01 00:01:01,worlds
2020-01-01 00:01:01,worlds
2020-01-01 00:01:01,worlds
2020-01-01 00:01:01,worlds
2020-01-01 00:01:01,worlds
2020-01-01 00:01:01,worlds
2020-01-01 00:01:01,worlds
2020-01-01 00:01:01,worlds
2020-01-01 00:01:01,worlds
2020-01-01 00:01:01,worlds
2020-01-01 00:01:01,worlds
2020-01-01 00:01:01,worlds
2020-01-01 00:01:01,worlds
2020-01-01 00:01:01,worlds
2020-01-01 00:01:01,worlds
2020-01-01 00:01:01,worlds
2020-01-01 00:01:01,worlds
2020-01-01 00:01:01,worlds
2020-01-01 00:01:01,worlds
2020-01-01 00:01:01,worlds
2020-01-01 00:01:01,worlds
2020-01-01 00:01:01,worlds
2020-01-01 00:01:01,worlds
2020-01-01 00:01:01,worlds
2020-01-01 00:01:01,worlds
2020-01-01 00:01:01,worlds
2020-01-01 00:01:01,worlds
2020-01-01 00:01:01,worlds
2020-01-01 00:01:01,worlds
2020-01-01 00:01:01,worlds
2020-01-01 00:01:01,worlds
2020-01-01 00:01:01,worlds
2020-01-01 00:01:01,worlds
2020-01-01 00:01:01,worlds
2020-01-01 00:01:01,worlds
2020-01-01 00:01:01,worlds
2020-01-01 00:01:01,worlds
2020-01-01 00:01:01,worlds
2020-01-01 00:01:01,worlds
2020-01-01 00:01:01,worlds
2020-01-01 00:01:01,worlds
2020-01-01 00:01:01,worlds
2020-01-01 00:01:01,worlds
2020-01-01 00:01:01,worlds
2020-01-01 00:01:01,worlds
2020-01-01 00:01:01,worlds
2020-01-01 00:01:01,worlds
2020-01-01 00:01:01,worlds
2020-01-01 00:01:01,worlds
2020-01-01 00:01:01,worlds
2020-01-01 00:01:01,worlds
2020-01-01 00:01:01,worlds
2020-01-01 00:01:01,worlds
2020-01-01 00:01:01,worlds
2020-01-01 00:01:01,worlds
2020-01-01 00:01:01,worlds
2020-01-01 00:01:01,worlds
2020-01-01 00:01:01,worlds
2020-01-01 00:01:01,worlds
2020-01-01 00:01:01,worlds
2020-01-01 00:01:01,worlds
2020-01-01 00:01:01,worlds
2020-01-01 00:01:01,worlds
2020-01-01 00:01:01,worlds
2020-01-01 00:01:01,worlds
2020-01-01 00:01:01,worlds
2020-01-01 00:01:01,worlds
2020-01-01 00:01:01,worlds
2020-01-01 00:01:01,worlds
2020-01-01 00:01:01,worlds
2020-01-01 00:01:01,worlds
2020-01-01 00:01:01,worlds
2020-01-01 00:01:01,worlds
2020-01-01 00:01:01,worlds
2020-01-01 00:01:01,worlds
2020-01-01 00:01:01,worlds
2020-01-01 00:01:01,worlds
2020-01-01 00:01:01,worlds
2020-01-01 00:01:01,worlds
2020-01-01 00:01:01,worlds
2020-01-01 00:01:01,worlds
2020-01-01 00:01:01,worlds
2020-01-01 00:01:01,worlds
2020-01-01 00:01:01,worlds
2020-01-01 00:01:01,worlds
2020-01-01 00:01:01,worlds
2020-01-01 00:01:01,worlds
2020-01-01 00:01:01,worlds
2020-01-01 00:01:01,worlds
2020-01-01 00:01:01,worlds
2020-01-01 00:01:01,worlds
2020-01-01 00:01:01,worlds
2020-01-01 00:01:01,worlds
2020-01-01 00:01:01,worlds
2020-01-01 00:01:01,worlds
2020-01-01 00:01:01,worlds
2020-01-01 00:01:01,worlds
2020-01-01 00:01:01,worlds
2020-01-01 00:01:01,worlds
2020-01-01 00:01:01,worlds
2020-01-01 00:01:01,worlds
2020-01-01 00:01:01,worlds
2020-01-01 00:01:01,worlds
2020-01-01 00:01:01,worlds
2020-01-01 00:01:01,worlds
2020-01-01 00:01:01,worlds
2020-01-01 00:01:01,worlds
2020-01-01 00:01:01,worlds
2020-01-01 00:01:01,worlds
2020-01-01 00:01:01,worlds
2020-01-01 00:01:01,worlds
2020-01-01 00:01:01,worlds
2020-01-01 00:01:01,worlds
2020-01-01 00:01:01,worlds
2020-01-01 00:01:01,worlds
2020-01-01 00:01:01,worlds
2020-01-01 00:01:01,worlds
2020-01-01 00:01:01,worlds
2020-01-01 00:01:01,worlds
2020-01-01 00:01:01,worlds
2020-01-01 00:01:01,worlds
2020-01-01 00:01:01,worlds
2020-01-01 00:01:01,worlds
2020-01-01 00:01:01,worlds
2020-01-01 00:01:01,worlds
2020-01-01 00:01:01,worlds
2020-01-01 00:01:01,worlds
2020-01-01 00:01:01,worlds
2020-01-01 00:01:01,worlds
2020-01-01 00:01:01,worlds
2020-01-01 00:01:01,worlds
2020-01-01 00:01:01,worlds
2020-01-01 00:01:01,worlds
2020-01-01 00:01:01,worlds
2020-01-01 00:01:01,worlds
2020-01-01 00:01:01,worlds
2020-01-01 00:01:01,worlds
2020-01-01 00:01:01,worlds
2020-01-01 00:01:01,worlds
2020-01-01 00:01:01,worlds
2020-01-01 00:01:01,worlds
2020-01-01 00:01:01,worlds
2020-01-01 00:01:01,worlds
2020-01-01 00:01:01,worlds
2020-01-01 00:01:01,worlds
2020-01-01 00:01:01,worlds
2020-01-01 00:01:01,worlds
2020-01-01 00:01:01,worlds
2020-01-01 00:01:01,worlds
2020-01-01 00:01:01,worlds
2020-01-01 00:01:01,worlds
2020-01-01 00:01:01,worlds
2020-01-01 00:01:01,worlds
2020-01-01 00:01:01,worlds
2020-01-01 00:01:01,worlds
2020-01-01 00:01:01,worlds
2020-01-01 00:01:01,worlds
2020-01-01 00:01:01,worlds
2020-01-01 00:01:01,worlds
2020-01-01 00:01:01,worlds
2020-01-01 00:01:01,worlds
2020-01-01 00:01:01,worlds
2020-01-01 00:01:01,worlds
2020-01-01 00:01:01,worlds
2020-01-01 00:01:01,worlds
2020-01-01 00:01:01,worlds
2020-01-01 00:01:01,worlds
2020-01-01 00:01:01,worlds
2020-01-01 00:01:01,worlds
2020-01-01 00:01:01,worlds
2020-01-01 00:01:01,worlds
2020-01-01 00:01:01,worlds
2020-01-01 00:01:01,worlds
2020-01-01 00:01:01,worlds
2020-01-01 00:01:01,worlds
2020-01-01 00:01:01,worlds
2020-01-01 00:01:01,worlds
2020-01-01 00:01:01,worlds
2020-01-01 00:01:01,worlds
2020-01-01 00:01:01,worlds
2020-01-01 00:01:01,worlds
2020-01-01 00:01:01,worlds
2020-01-01 00:01:01,worlds
2020-01-01 00:01:01,worlds
2020-01-01 00:01:01,worlds
2020-01-01 00:01:01,worlds
2020-01-01 00:01:01,worlds
2020-01-01 00:01:01,worlds
2020-01-01 00:01:01,worlds
2020-01-01 00:01:01,worlds
2020-01-01 00:01:01,worlds
2020-01-01 00:01:01,worlds
2020-01-01 00:01:01,worlds
2020-01-01 00:01:01,worlds
2020-01-01 00:01:01,worlds
2020-01-01 00:01:01,worlds
2020-01-01 00:01:01,worlds
2020-01-01 00:01:01,worlds
2020-01-01 00:01:01,worlds
2020-01-01 00:01:01,worlds
2020-01-01 00:01:01,worlds
2020-01-01 00:01:01,worlds
2020-01-01 00:01:01,worlds
2020-01-01 00:01:01,worlds
2020-01-01 00:01:01,worlds
2020-01-01 00:01:01,worlds
2020-01-01 00:01:01,worlds
2020-01-01 00:01:01,worlds
2020-01-01 00:01:01,worlds
2020-01-01 00:01:01,worlds
2020-01-01 00:01:01,worlds
2020-01-01 00:01:01,worlds
2020-01-01 00:01:01,worlds
2020-01-01 00:01:01,worlds
2020-01-01 00:01:01,worlds
2020-01-01 00:01:01,worlds
2020-01-01 00:01:01,worlds
2020-01-01 00:01:01,worlds
2020-01-01 00:01:01,worlds
2020-01-01 00:01:01,worlds
2020-01-01 00:01:01,worlds
2020-01-01 00:01:01,worlds
2020-01-01 00:01:01,worlds
2020-01-01 00:01:01,worlds
2020-01-01 00:01:01,worlds
2020-01-01 00:01:01,worlds
2020-01-01 00:01:01,worlds
2020-01-01 00:01:01,worlds
2020-01-01 00:01:01,worlds
2020-01-01 00:01:01,worlds
2020-01-01 00:01:01,worlds
2020-01-01 00:01:01,worlds
2020-01-01 00:01:01,worlds
2020-01-01 00:01:01,worlds
2020-01-01 00:01:01,worlds
2020-01-01 00:01:01,worlds
2020-01-01 00:01:01,worlds
2020-01-01 00:01:01,worlds
2020-01-01 00:01:01,worlds
2020-01-01 00:01:01,worlds
2020-01-01 00:01:01,worlds
2020-01-01 00:01:01,worlds
2020-01-01 00:01:01,worlds
2020-01-01 00:01:01,worlds
2020-01-01 00:01:01,worlds
2020-01-01 00:01:01,worlds
2020-01-01 00:01:01,worlds
2020-01-01 00:01:01,worlds
2020-01-01 00:01:01,worlds
2020-01-01 00:01:01,worlds
2020-01-01 00:01:01,worlds
2020-01-01 00:01:01,worlds
2020-01-01 00:01:01,worlds
2020-01-01 00:01:01,worlds
2020-01-01 00:01:01,worlds
2020-01-01 00:01:01,worlds
2020-01-01 00:01:01,worlds
2020-01-01 00:01:01,worlds
2020-01-01 00:01:01,worlds
2020-01-01 00:01:01,worlds
2020-01-01 00:01:01,worlds
2020-01-01 00:01:01,worlds
2020-01-01 00:01:01,worlds
2020-01-01 00:01:01,worlds
2020-01-01 00:01:01,worlds
2020-01-01 00:01:01,worlds
2020-01-01 00:01:01,worlds
2020-01-01 00:01:01,worlds
2020-01-01 00:01:01,worlds
2020-01-01 00:01:01,worlds
2020-01-01 00:01:01,worlds
2020-01-01 00:01:01,worlds
2020-01-01 00:01:01,worlds
2020-01-01 00:01:01,worlds
2020-01-01 00:01:01,worlds
2020-01-01 00:01:01,worlds
2020-01-01 00:01:01,worlds
2020-01-01 00:01:01,worlds
2020-01-01 00:01:01,worlds
2020-01-01 00:01:01,worlds
2020-01-01 00:01:01,worlds
2020-01-01 00:01:01,worlds
2020-01-01 00:01:01,worlds
2020-01-01 00:01:01,worlds
2020-01-01 00:01:01,worlds
2020-01-01 00:01:01,worlds
2020-01-01 00:01:01,worlds
2020-01-01 00:01:01,worlds
2020-01-01 00:01:01,worlds
2020-01-01 00:01:01,worlds
2020-01-01 00:01:01,worlds
2020-01-01 00:01:01,worlds
2020-01-01 00:01:01,worlds
2020-01-01 00:01:01,worlds
2020-01-01 00:01:01,worlds
2020-01-01 00:01:01,worlds
2020-01-01 00:01:01,worlds
2020-01-01 00:01:01,worlds
2020-01-01 00:01:01,worlds
2020-01-01 00:01:01,worlds
2020-01-01 00:01:01,worlds
2020-01-01 00:01:01,worlds
2020-01-01 00:01:01,worlds
2020-01-01 00:01:01,worlds
2020-01-01 00:01:01,worlds
2020-01-01 00:01:01,worlds
2020-01-01 00:01:01,worlds
2020-01-01 00:01:01,worlds
2020-01-01 00:01:01,worlds
2020-01-01 00:01:01,worlds
2020-01-01 00:01:01,worlds
2020-01-01 00:01:01,worlds
2020-01-01 00:01:01,worlds
2020-01-01 00:01:01,worlds
2020-01-01 00:01:01,worlds
2020-01-01 00:01:01,worlds
2020-01-01 00:01:01,worlds
2020-01-01 00:01:01,worlds
2020-01-01 00:01:01,worlds
2020-01-01 00:01:01,worlds
2020-01-01 00:01:01,worlds
2020-01-01 00:01:01,worlds
2020-01-01 00:01:01,worlds
2020-01-01 00:01:01,worlds
2020-01-01 00:01:01,worlds
2020-01-01 00:01:01,worlds
2020-01-01 00:01:01,worlds
2020-01-01 00:01:01,worlds
2020-01-01 00:01:01,worlds
2020-01-01 00:01:01,worlds
2020-01-01 00:01:01,worlds
2020-01-01 00:01:01,worlds
2020-01-01 00:01:01,worlds
2020-01-01 00:01:01,worlds
2020-01-01 00:01:01,worlds
2020-01-01 00:01:01,worlds
2020-01-01 00:01:01,worlds
2020-01-01 00:01:01,worlds
2020-01-01 00:01:01,worlds
2020-01-01 00:01:01,worlds
2020-01-01 00:01:01,worlds
2020-01-01 00:01:01,worlds
2020-01-01 00:01:01,worlds
2020-01-01 00:01:01,worlds
2020-01-01 00:01:01,worlds
2020-01-01 00:01:01,worlds
2020-01-01 00:01:01,worlds
2020-01-01 00:01:01,worlds
2020-01-01 00:01:01,worlds
2020-01-01 00:01:01,worlds
2020-01-01 00:01:01,worlds
2020-01-01 00:01:01,worlds
2020-01-01 00:01:01,worlds
2020-01-01 00:01:01,worlds
2020-01-01 00:01:01,worlds
2020-01-01 00:01:01,worlds
2020-01-01 00:01:01,worlds
2020-01-01 00:01:01,worlds
2020-01-01 00:01:01,worlds
2020-01-01 00:01:01,worlds
2020-01-01 00:01:01,worlds
2020-01-01 00:01:01,worlds
2020-01-01 00:01:01,worlds
2020-01-01 00:01:01,worlds
2020-01-01 00:01:01,worlds
2020-01-01 00:01:01,worlds
2020-01-01 00:01:01,worlds
2020-01-01 00:01:01,worlds
2020-01-01 00:01:01,worlds
2020-01-01 00:01:01,worlds
2020-01-01 00:01:01,worlds
2020-01-01 00:01:01,worlds
2020-01-01 00:01:01,worlds
2020-01-01 00:01:01,worlds
2020-01-01 00:01:01,worlds
2020-01-01 00:01:01,worlds
2020-01-01 00:01:01,worlds
2020-01-01 00:01:01,worlds
2020-01-01 00:01:01,worlds
2020-01-01 00:01:01,worlds
2020-01-01 00:01:01,worlds
2020-01-01 00:01:01,worlds
2020-01-01 00:01:01,worlds
2020-01-01 00:01:01,worlds
2020-01-01 00:01:01,worlds
2020-01-01 00:01:01,worlds
2020-01-01 00:01:01,worlds
2020-01-01 00:01:01,worlds
2020-01-01 00:01:01,worlds
2020-01-01 00:01:01,worlds
2020-01-01 00:01:01,worlds
2020-01-01 00:01:01,worlds
2020-01-01 00:01:01,worlds
2020-01-01 00:01:01,worlds
2020-01-01 00:01:01,worlds
2020-01-01 00:01:01,worlds
2020-01-01 00:01:01,worlds
2020-01-01 00:01:01,worlds
2020-01-01 00:01:01,worlds
2020-01-01 00:01:01,worlds
2020-01-01 00:01:01,worlds
2020-01-01 00:01:01,worlds
2020-01-01 00:01:01,worlds
2020-01-01 00:01:01,worlds
2020-01-01 00:01:01,worlds
2020-01-01 00:01:01,worlds
2020-01-01 00:01:01,worlds
2020-01-01 00:01:01,worlds
2020-01-01 00:01:01,worlds
2020-01-01 00:01:01,worlds
2020-01-01 00:01:01,worlds
2020-01-01 00:01:01,worlds
2020-01-01 00:01:01,worlds
2020-01-01 00:01:01,worlds
2020-01-01 00:01:01,worlds
2020-01-01 00:01:01,worlds
2020-01-01 00:01:01,worlds
2020-01-01 00:01:01,worlds
2020-01-01 00:01:01,worlds
2020-01-01 00:01:01,worlds
2020-01-01 00:01:01,worlds
2020-01-01 00:01:01,worlds
2020-01-01 00:01:01,worlds
2020-01-01 00:01:01,worlds
2020-01-01 00:01:01,worlds
2020-01-01 00:01:01,worlds
2020-01-01 00:01:01,worlds
2020-01-01 00:01:01,worlds
2020-01-01 00:01:01,worlds
2020-01-01 00:01:01,worlds
2020-01-01 00:01:01,worlds
2020-01-01 00:01:01,worlds
2020-01-01 00:01:01,worlds
2020-01-01 00:01:01,worlds
2020-01-01 00:01:01,worlds
2020-01-01 00:01:01,worlds
2020-01-01 00:01:01,worlds
2020-01-01 00:01:01,worlds
2020-01-01 00:01:01,worlds
2020-01-01 00:01:01,worlds
2020-01-01 00:01:01,worlds
2020-01-01 00:01:01,worlds
2020-01-01 00:01:01,worlds
2020-01-01 00:01:01,worlds
2020-01-01 00:01:01,worlds
2020-01-01 00:01:01,worlds
2020-01-01 00:01:01,worlds
2020-01-01 00:01:01,worlds
2020-01-01 00:01:01,worlds
2020-01-01 00:01:01,worlds
2020-01-01 00:01:01,worlds
2020-01-01 00:01:01,worlds
2020-01-01 00:01:01,worlds
2020-01-01 00:01:01,worlds
2020-01-01 00:01:01,worlds
2020-01-01 00:01:01,worlds
2020-01-01 00:01:01,worlds
2020-01-01 00:01:01,worlds
2020-01-01 00:01:01,worlds
2020-01-01 00:01:01,worlds
2020-01-01 00:01:01,worlds
2020-01-01 00:01:01,worlds
2020-01-01 00:01:01,worlds
2020-01-01 00:01:01,worlds
2020-01-01 00:01:01,worlds
2020-01-01 00:01:01,worlds
2020-01-01 00:01:01,worlds
2020-01-01 00:01:01,worlds
2020-01-01 00:01:01,worlds
2020-01-01 00:01:01,worlds
2020-01-01 00:01:01,worlds
2020-01-01 00:01:01,worlds
2020-01-01 00:01:01,worlds
2020-01-01 00:01:01,worlds
2020-01-01 00:01:01,worlds
2020-01-01 00:01:01,worlds
2020-01-01 00:01:01,worlds
2020-01-01 00:01:01,worlds
2020-01-01 00:01:01,worlds
2020-01-01 00:01:01,worlds
2020-01-01 00:01:01,worlds
2020-01-01 00:01:01,worlds
2020-01-01 00:01:01,worlds
2020-01-01 00:01:01,worlds
2020-01-01 00:01:01,worlds
2020-01-01 00:01:01,worlds
2020-01-01 00:01:01,worlds
2020-01-01 00:01:01,worlds
2020-01-01 00:01:01,worlds
2020-01-01 00:01:01,worlds
2020-01-01 00:01:01,worlds
2020-01-01 00:01:01,worlds
2020-01-01 00:01:01,worlds
2020-01-01 00:01:01,worlds
2020-01-01 00:01:01,worlds
2020-01-01 00:01:01,worlds
2020-01-01 00:01:01,worlds
2020-01-01 00:01:01,worlds
2020-01-01 00:01:01,worlds
2020-01-01 00:01:01,worlds
2020-01-01 00:01:01,worlds
2020-01-01 00:01:01,worlds
2020-01-01 00:01:01,worlds
2020-01-01 00:01:01,worlds
2020-01-01 00:01:01,worlds
2020-01-01 00:01:01,worlds
2020-01-01 00:01:01,worlds
2020-01-01 00:01:01,worlds
2020-01-01 00:01:01,worlds
2020-01-01 00:01:01,worlds
2020-01-01 00:01:01,worlds
2020-01-01 00:01:01,worlds
2020-01-01 00:01:01,worlds
2020-01-01 00:01:01,worlds
2020-01-01 00:01:01,worlds
2020-01-01 00:01:01,worlds
2020-01-01 00:01:01,worlds
2020-01-01 00:01:01,worlds
2020-01-01 00:01:01,worlds
2020-01-01 00:01:01,worlds
2020-01-01 00:01:01,worlds
2020-01-01 00:01:01,worlds
2020-01-01 00:01:01,worlds
2020-01-01 00:01:01,worlds
2020-01-01 00:01:01,worlds
2020-01-01 00:01:01,worlds
2020-01-01 00:01:01,worlds
2020-01-01 00:01:01,worlds
2020-01-01 00:01:01,worlds
2020-01-01 00:01:01,worlds
2020-01-01 00:01:01,worlds
2020-01-01 00:01:01,worlds
2020-01-01 00:01:01,worlds
2020-01-01 00:01:01,worlds
2020-01-01 00:01:01,worlds
2020-01-01 00:01:01,worlds
2020-01-01 00:01:01,worlds
2020-01-01 00:01:01,worlds
2020-01-01 00:01:01,worlds
2020-01-01 00:01:01,worlds
2020-01-01 00:01:01,worlds
2020-01-01 00:01:01,worlds
2020-01-01 00:01:01,worlds
2020-01-01 00:01:01,worlds
2020-01-01 00:01:01,worlds
2020-01-01 00:01:01,worlds
2020-01-01 00:01:01,worlds
2020-01-01 00:01:01,worlds
2020-01-01 00:01:01,worlds
2020-01-01 00:01:01,worlds
2020-01-01 00:01:01,worlds
2020-01-01 00:01:01,worlds
2020-01-01 00:01:01,worlds
2020-01-01 00:01:01,worlds
2020-01-01 00:01:01,worlds
2020-01-01 00:01:01,worlds
2020-01-01 00:01:01,worlds
2020-01-01 00:01:01,worlds
2020-01-01 00:01:01,worlds
2020-01-01 00:01:01,worlds
2020-01-01 00:01:01,worlds
2020-01-01 00:01:01,worlds
2020-01-01 00:01:01,worlds
2020-01-01 00:01:01,worlds
2020-01-01 00:01:01,worlds
2020-01-01 00:01:01,worlds
2020-01-01 00:01:01,worlds
2020-01-01 00:01:01,worlds
2020-01-01 00:01:01,worlds
2020-01-01 00:01:01,worlds
2020-01-01 00:01:01,worlds
2020-01-01 00:01:01,worlds
2020-01-01 00:01:01,worlds
2020-01-01 00:01:01,worlds
2020-01-01 00:01:01,worlds
2020-01-01 00:01:01,worlds
2020-01-01 00:01:01,worlds
2020-01-01 00:01:01,worlds
2020-01-01 00:01:01,worlds
2020-01-01 00:01:01,worlds
2020-01-01 00:01:01,worlds
2020-01-01 00:01:01,worlds
2020-01-01 00:01:01,worlds
2020-01-01 00:01:01,worlds
2020-01-01 00:01:01,worlds
2020-01-01 00:01:01,worlds
2020-01-01 00:01:01,worlds
2020-01-01 00:01:01,worlds
2020-01-01 00:01:01,worlds
2020-01-01 00:01:01,worlds
2020-01-01 00:01:01,worlds
2020-01-01 00:01:01,worlds
2020-01-01 00:01:01,worlds
2020-01-01 00:01:01,worlds
2020-01-01 00:01:01,worlds
2020-01-01 00:01:01,worlds
2020-01-01 00:01:01,worlds
2020-01-01 00:01:01,worlds
2020-01-01 00:01:01,worlds
2020-01-01 00:01:01,worlds
2020-01-01 00:01:01,worlds
2020-01-01 00:01:01,worlds
2020-01-01 00:01:01,worlds
2020-01-01 00:01:01,worlds
2020-01-01 00:01:01,worlds
2020-01-01 00:01:01,worlds
2020-01-01 00:01:01,worlds
2020-01-01 00:01:01,worlds
2020-01-01 00:01:01,worlds
2020-01-01 00:01:01,worlds
2020-01-01 00:01:01,worlds
2020-01-01 00:01:01,worlds
2020-01-01 00:01:01,worlds
2020-01-01 00:01:01,worlds
2020-01-01 00:01:01,worlds
2020-01-01 00:01:01,worlds
2020-01-01 00:01:01,worlds
2020-01-01 00:01:01,worlds
2020-01-01 00:01:01,worlds
2020-01-01 00:01:01,worlds
2020-01-01 00:01:01,worlds
2020-01-01 00:01:01,worlds
2020-01-01 00:01:01,worlds
2020-01-01 00:01:01,worlds
2020-01-01 00:01:01,worlds
2020-01-01 00:01:01,worlds
2020-01-01 00:01:01,worlds
2020-01-01 00:01:01,worlds
2020-01-01 00:01:01,worlds
2020-01-01 00:01:01,worlds
2020-01-01 00:01:01,worlds
2020-01-01 00:01:01,worlds
2020-01-01 00:01:01,worlds
2020-01-01 00:01:01,worlds
2020-01-01 00:01:01,worlds
2020-01-01 00:01:01,worlds
2020-01-01 00:01:01,worlds
2020-01-01 00:01:01,worlds
2020-01-01 00:01:01,worlds
2020-01-01 00:01:01,worlds
2020-01-01 00:01:01,worlds
2020-01-01 00:01:01,worlds
2020-01-01 00:01:01,worlds
2020-01-01 00:01:01,worlds
2020-01-01 00:01:01,worlds
2020-01-01 00:01:01,worlds
2020-01-01 00:01:01,worlds
2020-01-01 00:01:01,worlds
2020-01-01 00:01:01,worlds
2020-01-01 00:01:01,worlds
2020-01-01 00:01:01,worlds
2020-01-01 00:01:01,worlds
2020-01-01 00:01:01,worlds
2020-01-01 00:01:01,worlds
2020-01-01 00:01:01,worlds
2020-01-01 00:01:01,worlds
2020-01-01 00:01:01,worlds
2020-01-01 00:01:01,worlds
2020-01-01 00:01:01,worlds
2020-01-01 00:01:01,worlds
2020-01-01 00:01:01,worlds
2020-01-01 00:01:01,worlds
2020-01-01 00:01:01,worlds
2020-01-01 00:01:01,worlds
2020-01-01 00:01:01,worlds
2020-01-01 00:01:01,worlds
2020-01-01 00:01:01,worlds
2020-01-01 00:01:01,worlds
2020-01-01 00:01:01,worlds
2020-01-01 00:01:01,worlds
2020-01-01 00:01:01,worlds
2020-01-01 00:01:01,worlds
2020-01-01 00:01:01,worlds
2020-01-01 00:01:01,worlds
2020-01-01 00:01:01,worlds
2020-01-01 00:01:01,worlds
2020-01-01 00:01:01,worlds
2020-01-01 00:01:01,worlds
2020-01-01 00:01:01,worlds
2020-01-01 00:01:01,worlds
2020-01-01 00:01:01,worlds
2020-01-01 00:01:01,worlds
2020-01-01 00:01:01,worlds
2020-01-01 00:01:01,worlds
2020-01-01 00:01:01,worlds
2020-01-01 00:01:01,worlds
2020-01-01 00:01:01,worlds
2020-01-01 00:01:01,worlds
2020-01-01 00:01:01,worlds
2020-01-01 00:01:01,worlds
2020-01-01 00:01:01,worlds
2020-01-01 00:01:01,worlds
2020-01-01 00:01:01,worlds
2020-01-01 00:01:01,worlds
2020-01-01 00:01:01,worlds
2020-01-01 00:01:01,worlds
2020-01-01 00:01:01,worlds
2020-01-01 00:01:01,worlds
2020-01-01 00:01:01,worlds
2020-01-01 00:01:01,worlds
2020-01-01 00:01:01,worlds
2020-01-01 00:01:01,worlds
2020-01-01 00:01:01,worlds
2020-01-01 00:01:01,worlds
2020-01-01 00:01:01,worlds
2020-01-01 00:01:01,worlds
2020-01-01 00:01:01,worlds
2020-01-01 00:01:01,worlds
2020-01-01 00:01:01,worlds
2020-01-01 00:01:01,worlds
2020-01-01 00:01:01,worlds
2020-01-01 00:01:01,worlds
2020-01-01 00:01:01,worlds
2020-01-01 00:01:01,worlds
2020-01-01 00:01:01,worlds
2020-01-01 00:01:01,worlds
2020-01-01 00:01:01,worlds
2020-01-01 00:01:01,worlds
2020-01-01 00:01:01,worlds
2020-01-01 00:01:01,worlds
2020-01-01 00:01:01,worlds
2020-01-01 00:01:01,worlds
2020-01-01 00:01:01,worlds
2020-01-01 00:01:01,worlds
2020-01-01 00:01:01,worlds
2020-01-01 00:01:01,worlds
2020-01-01 00:01:01,worlds
2020-01-01 00:01:01,worlds
2020-01-01 00:01:01,worlds
2020-01-01 00:01:01,worlds
2020-01-01 00:01:01,worlds
2020-01-01 00:01:01,worlds
2020-01-01 00:01:01,worlds
2020-01-01 00:01:01,worlds
2020-01-01 00:01:01,worlds
2020-01-01 00:01:01,worlds
2020-01-01 00:01:01,worlds
2020-01-01 00:01:01,worlds
2020-01-01 00:01:01,worlds
2020-01-01 00:01:01,worlds
2020-01-01 00:01:01,worlds
2020-01-01 00:01:01,worlds
2020-01-01 00:01:01,worlds
2020-01-01 00:01:01,worlds
2020-01-01 00:01:01,worlds
2020-01-01 00:01:01,worlds
2020-01-01 00:01:01,worlds
2020-01-01 00:01:01,worlds
2020-01-01 00:01:01,worlds
2020-01-01 00:01:01,worlds
2020-01-01 00:01:01,worlds
2020-01-01 00:01:01,worlds
2020-01-01 00:01:01,worlds
2020-01-01 00:01:01,worlds
2020-01-01 00:01:01,worlds
2020-01-01 00:01:01,worlds
2020-01-01 00:01:01,worlds
2020-01-01 00:01:01,worlds
2020-01-01 00:01:01,worlds
2020-01-01 00:01:01,worlds
2020-01-01 00:01:01,worlds
2020-01-01 00:01:01,worlds
2020-01-01 00:01:01,worlds
2020-01-01 00:01:01,worlds
2020-01-01 00:01:01,worlds
2020-01-01 00:01:01,worlds
2020-01-01 00:01:01,worlds
2020-01-01 00:01:01,worlds
2020-01-01 00:01:01,worlds
2020-01-01 00:01:01,worlds
2020-01-01 00:01:01,worlds
2020-01-01 00:01:01,worlds
2020-01-01 00:01:01,worlds
2020-01-01 00:01:01,worlds
2020-01-01 00:01:01,worlds
2020-01-01 00:01:01,worlds
2020-01-01 00:01:01,worlds
2020-01-01 00:01:01,worlds
2020-01-01 00:01:01,worlds
2020-01-01 00:01:01,worlds
2020-01-01 00:01:01,worlds
2020-01-01 00:01:01,worlds
2020-01-01 00:01:01,worlds
2020-01-01 00:01:01,worlds
2020-01-01 00:01:01,worlds
2020-01-01 00:01:01,worlds
2020-01-01 00:01:01,worlds
2020-01-01 00:01:01,worlds
2020-01-01 00:01:01,worlds
2020-01-01 00:01:01,worlds
2020-01-01 00:01:01,worlds
2020-01-01 00:01:01,worlds
2020-01-01 00:01:01,worlds
2020-01-01 00:01:01,worlds
2020-01-01 00:01:01,worlds
2020-01-01 00:01:01,worlds
2020-01-01 00:01:01,worlds
2020-01-01 00:01:01,worlds
2020-01-01 00:01:01,worlds
2020-01-01 00:01:01,worlds
2020-01-01 00:01:01,worlds
2020-01-01 00:01:01,worlds
2020-01-01 00:01:01,worlds
2020-01-01 00:01:01,worlds
2020-01-01 00:01:01,worlds
2020-01-01 00:01:01,worlds
2020-01-01 00:01:01,worlds
2020-01-01 00:01:01,worlds
2020-01-01 00:01:01,worlds
2020-01-01 00:01:01,worlds
2020-01-01 00:01:01,worlds
2020-01-01 00:01:01,worlds
2020-01-01 00:01:01,worlds
2020-01-01 00:01:01,worlds
2020-01-01 00:01:01,worlds
2020-01-01 00:01:01,worlds
2020-01-01 00:01:01,worlds
2020-01-01 00:01:01,worlds
2020-01-01 00:01:01,worlds
2020-01-01 00:01:01,worlds
2020-01-01 00:01:01,worlds
2020-01-01 00:01:01,worlds
2020-01-01 00:01:01,worlds
2020-01-01 00:01:01,worlds
2020-01-01 00:01:01,worlds
2020-01-01 00:01:01,worlds
2020-01-01 00:01:01,worlds
2020-01-01 00:01:01,worlds
2020-01-01 00:01:01,worlds
2020-01-01 00:01:01,worlds
2020-01-01 00:01:01,worlds
2020-01-01 00:01:01,worlds
2020-01-01 00:01:01,worlds
2020-01-01 00:01:01,worlds
2020-01-01 00:01:01,worlds
2020-01-01 00:01:01,worlds
2020-01-01 00:01:01,worlds
2020-01-01 00:01:01,worlds
2020-01-01 00:01:01,worlds
2020-01-01 00:01:01,worlds
2020-01-01 00:01:01,worlds
2020-01-01 00:01:01,worlds
2020-01-01 00:01:01,worlds
2020-01-01 00:01:01,worlds
2020-01-01 00:01:01,worlds
2020-01-01 00:01:01,worlds
2020-01-01 00:01:01,worlds
2020-01-01 00:01:01,worlds
2020-01-01 00:01:01,worlds
2020-01-01 00:01:01,worlds
2020-01-01 00:01:01,worlds
2020-01-01 00:01:01,worlds
2020-01-01 00:01:01,worlds
2020-01-01 00:01:01,worlds
2020-01-01 00:01:01,worlds
2020-01-01 00:01:01,worlds
2020-01-01 00:01:01,worlds
2020-01-01 00:01:01,worlds
2020-01-01 00:01:01,worlds
2020-01-01 00:01:01,worlds
2020-01-01 00:01:01,worlds
2020-01-01 00:01:01,worlds
2020-01-01 00:01:01,worlds
2020-01-01 00:01:01,worlds
2020-01-01 00:01:01,worlds
2020-01-01 00:01:01,worlds
2020-01-01 00:01:01,worlds
2020-01-01 00:01:01,worlds
2020-01-01 00:01:01,worlds
2020-01-01 00:01:01,worlds
2020-01-01 00:01:01,worlds
2020-01-01 00:01:01,worlds
2020-01-01 00:01:01,worlds
2020-01-01 00:01:01,worlds
2020-01-01 00:01:01,worlds
2020-01-01 00:01:01,worlds
2020-01-01 00:01:01,worlds
2020-01-01 00:01:01,worlds
2020-01-01 00:01:01,worlds
2020-01-01 00:01:01,worlds
2020-01-01 00:01:01,worlds
2020-01-01 00:01:01,worlds
2020-01-01 00:01:01,worlds
2020-01-01 00:01:01,worlds
2020-01-01 00:01:01,worlds
2020-01-01 00:01:01,worlds
2020-01-01 00:01:01,worlds
2020-01-01 00:01:01,worlds
2020-01-01 00:01:01,worlds
2020-01-01 00:01:01,worlds
2020-01-01 00:01:01,worlds
2020-01-01 00:01:01,worlds
2020-01-01 00:01:01,worlds
2020-01-01 00:01:01,worlds
2020-01-01 00:01:01,worlds
2020-01-01 00:01:01,worlds
2020-01-01 00:01:01,worlds
2020-01-01 00:01:01,worlds
2020-01-01 00:01:01,worlds
2020-01-01 00:01:01,worlds
2020-01-01 00:01:01,worlds
2020-01-01 00:01:01,worlds
2020-01-01 00:01:01,worlds
2020-01-01 00:01:01,worlds
2020-01-01 00:01:01,worlds
2020-01-01 00:01:01,worlds
2020-01-01 00:01:01,worlds
2020-01-01 00:01:01,worlds
2020-01-01 00:01:01,worlds
2020-01-01 00:01:01,worlds
2020-01-01 00:01:01,worlds
2020-01-01 00:01:01,worlds
2020-01-01 00:01:01,worlds
2020-01-01 00:01:01,worlds
2020-01-01 00:01:01,worlds
2020-01-01 00:01:01,worlds
2020-01-01 00:01:01,worlds
2020-01-01 00:01:01,worlds
2020-01-01 00:01:01,worlds
2020-01-01 00:01:01,worlds
2020-01-01 00:01:01,worlds
2020-01-01 00:01:01,worlds
2020-01-01 00:01:01,worlds
2020-01-01 00:01:01,worlds
2020-01-01 00:01:01,worlds
2020-01-01 00:01:01,worlds
2020-01-01 00:01:01,worlds
2020-01-01 00:01:01,worlds
2020-01-01 00:01:01,worlds
2020-01-01 00:01:01,worlds
2020-01-01 00:01:01,worlds
2020-01-01 00:01:01,worlds
2020-01-01 00:01:01,worlds
2020-01-01 00:01:01,worlds
2020-01-01 00:01:01,worlds
2020-01-01 00:01:01,worlds
2020-01-01 00:01:01,worlds
2020-01-01 00:01:01,worlds
2020-01-01 00:01:01,worlds
2020-01-01 00:01:01,worlds
2020-01-01 00:01:01,worlds
2020-01-01 00:01:01,worlds
2020-01-01 00:01:01,worlds
2020-01-01 00:01:01,worlds
2020-01-01 00:01:01,worlds
2020-01-01 00:01:01,worlds
2020-01-01 00:01:01,worlds
2020-01-01 00:01:01,worlds
2020-01-01 00:01:01,worlds
2020-01-01 00:01:01,worlds
2020-01-01 00:01:01,worlds
2020-01-01 00:01:01,worlds
2020-01-01 00:01:01,worlds
2020-01-01 00:01:01,worlds
2020-01-01 00:01:01,worlds
2020-01-01 00:01:01,worlds
2020-01-01 00:01:01,worlds
2020-01-01 00:01:01,worlds
2020-01-01 00:01:01,worlds
2020-01-01 00:01:01,worlds
2020-01-01 00:01:01,worlds
2020-01-01 00:01:01,worlds
2020-01-01 00:01:01,worlds
2020-01-01 00:01:01,worlds
2020-01-01 00:01:01,worlds
2020-01-01 00:01:01,worlds
2020-01-01 00:01:01,worlds
2020-01-01 00:01:01,worlds
2020-01-01 00:01:01,worlds
2020-01-01 00:01:01,worlds
2020-01-01 00:01:01,worlds
2020-01-01 00:01:01,worlds
2020-01-01 00:01:01,worlds
2020-01-01 00:01:01,worlds
2020-01-01 00:01:01,worlds
2020-01-01 00:01:01,worlds
2020-01-01 00:01:01,worlds
2020-01-01 00:01:01,worlds
2020-01-01 00:01:01,worlds
2020-01-01 00:01:01,worlds
2020-01-01 00:01:01,worlds
2020-01-01 00:01:01,worlds
2020-01-01 00:01:01,worlds
2020-01-01 00:01:01,worlds
2020-01-01 00:01:01,worlds
2020-01-01 00:01:01,worlds
2020-01-01 00:01:01,worlds
2020-01-01 00:01:01,worlds
2020-01-01 00:01:01,worlds
2020-01-01 00:01:01,worlds
2020-01-01 00:01:01,worlds
2020-01-01 00:01:01,worlds
2020-01-01 00:01:01,worlds
2020-01-01 00:01:01,worlds
2020-01-01 00:01:01,worlds
2020-01-01 00:01:01,worlds
2020-01-01 00:01:01,worlds
2020-01-01 00:01:01,worlds
2020-01-01 00:01:01,worlds
2020-01-01 00:01:01,worlds
2020-01-01 00:01:01,worlds
2020-01-01 00:01:01,worlds
2020-01-01 00:01:01,worlds
2020-01-01 00:01:01,worlds
2020-01-01 00:01:01,worlds
2020-01-01 00:01:01,worlds
2020-01-01 00:01:01,worlds
2020-01-01 00:01:01,worlds
2020-01-01 00:01:01,worlds
2020-01-01 00:01:01,worlds
2020-01-01 00:01:01,worlds
2020-01-01 00:01:01,worlds
2020-01-01 00:01:01,worlds
2020-01-01 00:01:01,worlds
2020-01-01 00:01:01,worlds
2020-01-01 00:01:01,worlds
2020-01-01 00:01:01,worlds
2020-01-01 00:01:01,worlds
2020-01-01 00:01:01,worlds
2020-01-01 00:01:01,worlds
2020-01-01 00:01:01,worlds
2020-01-01 00:01:01,worlds
2020-01-01 00:01:01,worlds
2020-01-01 00:01:01,worlds
2020-01-01 00:01:01,worlds
2020-01-01 00:01:01,worlds
2020-01-01 00:01:01,worlds
2020-01-01 00:01:01,worlds
2020-01-01 00:01:01,worlds
2020-01-01 00:01:01,worlds
2020-01-01 00:01:01,worlds
2020-01-01 00:01:01,worlds
2020-01-01 00:01:01,worlds
2020-01-01 00:01:01,worlds
2020-01-01 00:01:01,worlds
2020-01-01 00:01:01,worlds
2020-01-01 00:01:01,worlds
2020-01-01 00:01:01,worlds
2020-01-01 00:01:01,worlds
2020-01-01 00:01:01,worlds
2020-01-01 00:01:01,worlds
2020-01-01 00:01:01,worlds
2020-01-01 00:01:01,worlds
2020-01-01 00:01:01,worlds
2020-01-01 00:01:01,worlds
2020-01-01 00:01:01,worlds
2020-01-01 00:01:01,worlds
2020-01-01 00:01:01,worlds
2020-01-01 00:01:01,worlds
2020-01-01 00:01:01,worlds
2020-01-01 00:01:01,worlds
2020-01-01 00:01:01,worlds
2020-01-01 00:01:01,worlds
2020-01-01 00:01:01,worlds
2020-01-01 00:01:01,worlds
2020-01-01 00:01:01,worlds
2020-01-01 00:01:01,worlds
2020-01-01 00:01:01,worlds
2020-01-01 00:01:01,worlds
2020-01-01 00:01:01,worlds
2020-01-01 00:01:01,worlds
2020-01-01 00:01:01,worlds
2020-01-01 00:01:01,worlds
2020-01-01 00:01:01,worlds
2020-01-01 00:01:01,worlds
2020-01-01 00:01:01,worlds
2020-01-01 00:01:01,worlds
2020-01-01 00:01:01,worlds
2020-01-01 00:01:01,worlds
2020-01-01 00:01:01,worlds
2020-01-01 00:01:01,worlds
2020-01-01 00:01:01,worlds
2020-01-01 00:01:01,worlds
2020-01-01 00:01:01,worlds
2020-01-01 00:01:01,worlds
2020-01-01 00:01:01,worlds
2020-01-01 00:01:01,worlds
2020-01-01 00:01:01,worlds
2020-01-01 00:01:01,worlds
2020-01-01 00:01:01,worlds
2020-01-01 00:01:01,worlds
2020-01-01 00:01:01,worlds
2020-01-01 00:01:01,worlds
2020-01-01 00:01:01,worlds
2020-01-01 00:01:01,worlds
2020-01-01 00:01:01,worlds
2020-01-01 00:01:01,worlds
2020-01-01 00:01:01,worlds
2020-01-01 00:01:01,worlds
2020-01-01 00:01:01,worlds
2020-01-01 00:01:01,worlds
2020-01-01 00:01:01,worlds
2020-01-01 00:01:01,worlds
2020-01-01 00:01:01,worlds
2020-01-01 00:01:01,worlds
2020-01-01 00:01:01,worlds
2020-01-01 00:01:01,worlds
2020-01-01 00:01:01,worlds
2020-01-01 00:01:01,worlds
2020-01-01 00:01:01,worlds
2020-01-01 00:01:01,worlds
2020-01-01 00:01:01,worlds
2020-01-01 00:01:01,worlds
2020-01-01 00:01:01,worlds
2020-01-01 00:01:01,worlds
2020-01-01 00:01:01,worlds
2020-01-01 00:01:01,worlds
2020-01-01 00:01:01,worlds
2020-01-01 00:01:01,worlds
2020-01-01 00:01:01,worlds
2020-01-01 00:01:01,worlds
2020-01-01 00:01:01,worlds
2020-01-01 00:01:01,worlds
2020-01-01 00:01:01,worlds
2020-01-01 00:01:01,worlds
2020-01-01 00:01:01,worlds
2020-01-01 00:01:01,worlds
2020-01-01 00:01:01,worlds
2020-01-01 00:01:01,worlds
2020-01-01 00:01:01,worlds
2020-01-01 00:01:01,worlds
2020-01-01 00:01:01,worlds
2020-01-01 00:01:01,worlds
2020-01-01 00:01:01,worlds
2020-01-01 00:01:01,worlds
2020-01-01 00:01:01,worlds
2020-01-01 00:01:01,worlds
2020-01-01 00:01:01,worlds
2020-01-01 00:01:01,worlds
2020-01-01 00:01:01,worlds
2020-01-01 00:01:01,worlds
2020-01-01 00:01:01,worlds
2020-01-01 00:01:01,worlds
2020-01-01 00:01:01,worlds
2020-01-01 00:01:01,worlds
2020-01-01 00:01:01,worlds
2020-01-01 00:01:01,worlds
2020-01-01 00:01:01,worlds
2020-01-01 00:01:01,worlds
2020-01-01 00:01:01,worlds
2020-01-01 00:01:01,worlds
2020-01-01 00:01:01,worlds
2020-01-01 00:01:01,worlds
2020-01-01 00:01:01,worlds
2020-01-01 00:01:01,worlds
2020-01-01 00:01:01,worlds
2020-01-01 00:01:01,worlds
2020-01-01 00:01:01,worlds
2020-01-01 00:01:01,worlds
2020-01-01 00:01:01,worlds
2020-01-01 00:01:01,worlds
2020-01-01 00:01:01,worlds
2020-01-01 00:01:01,worlds
2020-01-01 00:01:01,worlds
2020-01-01 00:01:01,worlds
2020-01-01 00:01:01,worlds
2020-01-01 00:01:01,worlds
2020-01-01 00:01:01,worlds
2020-01-01 00:01:01,worlds
2020-01-01 00:01:01,worlds
2020-01-01 00:01:01,worlds
2020-01-01 00:01:01,worlds
2020-01-01 00:01:01,worlds
2020-01-01 00:01:01,worlds
2020-01-01 00:01:01,worlds
2020-01-01 00:01:01,worlds
2020-01-01 00:01:01,worlds
2020-01-01 00:01:01,worlds
2020-01-01 00:01:01,worlds
2020-01-01 00:01:01,worlds
2020-01-01 00:01:01,worlds
2020-01-01 00:01:01,worlds
2020-01-01 00:01:01,worlds
2020-01-01 00:01:01,worlds
2020-01-01 00:01:01,worlds
2020-01-01 00:01:01,worlds
2020-01-01 00:01:01,worlds
2020-01-01 00:01:01,worlds
2020-01-01 00:01:01,worlds
2020-01-01 00:01:01,worlds
2020-01-01 00:01:01,worlds
2020-01-01 00:01:01,worlds
2020-01-01 00:01:01,worlds
2020-01-01 00:01:01,worlds
2020-01-01 00:01:01,worlds
2020-01-01 00:01:01,worlds
2020-01-01 00:01:01,worlds
2020-01-01 00:01:01,worlds
2020-01-01 00:01:01,worlds
2020-01-01 00:01:01,worlds
2020-01-01 00:01:01,worlds
2020-01-01 00:01:01,worlds
2020-01-01 00:01:01,worlds
2020-01-01 00:01:01,worlds
2020-01-01 00:01:01,worlds
2020-01-01 00:01:01,worlds
2020-01-01 00:01:01,worlds
2020-01-01 00:01:01,worlds
2020-01-01 00:01:01,worlds
2020-01-01 00:01:01,worlds
2020-01-01 00:01:01,worlds
2020-01-01 00:01:01,worlds
2020-01-01 00:01:01,worlds
2020-01-01 00:01:01,worlds
2020-01-01 00:01:01,worlds
2020-01-01 00:01:01,worlds
2020-01-01 00:01:01,worlds
2020-01-01 00:01:01,worlds
2020-01-01 00:01:01,worlds
2020-01-01 00:01:01,worlds
2020-01-01 00:01:01,worlds
2020-01-01 00:01:01,worlds
2020-01-01 00:01:01,worlds
2020-01-01 00:01:01,worlds
2020-01-01 00:01:01,worlds
2020-01-01 00:01:01,worlds
2020-01-01 00:01:01,worlds
2020-01-01 00:01:01,worlds
2020-01-01 00:01:01,worlds
2020-01-01 00:01:01,worlds
2020-01-01 00:01:01,worlds
2020-01-01 00:01:01,worlds
2020-01-01 00:01:01,worlds
2020-01-01 00:01:01,worlds
2020-01-01 00:01:01,worlds
2020-01-01 00:01:01,worlds
2020-01-01 00:01:01,worlds
2020-01-01 00:01:01,worlds
2020-01-01 00:01:01,worlds
2020-01-01 00:01:01,worlds
2020-01-01 00:01:01,worlds
2020-01-01 00:01:01,worlds
2020-01-01 00:01:01,worlds
2020-01-01 00:01:01,worlds
2020-01-01 00:01:01,worlds
2020-01-01 00:01:01,worlds
2020-01-01 00:01:01,worlds
2020-01-01 00:01:01,worlds
2020-01-01 00:01:01,worlds
2020-01-01 00:01:01,worlds
2020-01-01 00:01:01,worlds
2020-01-01 00:01:01,worlds
2020-01-01 00:01:01,worlds
2020-01-01 00:01:01,worlds
2020-01-01 00:01:01,worlds
2020-01-01 00:01:01,worlds
2020-01-01 00:01:01,worlds
2020-01-01 00:01:01,worlds
2020-01-01 00:01:01,worlds
2020-01-01 00:01:01,worlds
2020-01-01 00:01:01,worlds
2020-01-01 00:01:01,worlds
2020-01-01 00:01:01,worlds
2020-01-01 00:01:01,worlds
2020-01-01 00:01:01,worlds
2020-01-01 00:01:01,worlds
2020-01-01 00:01:01,worlds
2020-01-01 00:01:01,worlds
2020-01-01 00:01:01,worlds
2020-01-01 00:01:01,worlds
2020-01-01 00:01:01,worlds
2020-01-01 00:01:01,worlds
2020-01-01 00:01:01,worlds
2020-01-01 00:01:01,worlds
2020-01-01 00:01:01,worlds
2020-01-01 00:01:01,worlds
2020-01-01 00:01:01,worlds
2020-01-01 00:01:01,worlds
2020-01-01 00:01:01,worlds
2020-01-01 00:01:01,worlds
2020-01-01 00:01:01,worlds
2020-01-01 00:01:01,worlds
2020-01-01 00:01:01,worlds
2020-01-01 00:01:01,worlds
2020-01-01 00:01:01,worlds
2020-01-01 00:01:01,worlds
2020-01-01 00:01:01,worlds
2020-01-01 00:01:01,worlds
2020-01-01 00:01:01,worlds
2020-01-01 00:01:01,worlds
2020-01-01 00:01:01,worlds
2020-01-01 00:01:01,worlds
2020-01-01 00:01:01,worlds
2020-01-01 00:01:01,worlds
2020-01-01 00:01:01,worlds
2020-01-01 00:01:01,worlds
2020-01-01 00:01:01,worlds
2020-01-01 00:01:01,worlds
2020-01-01 00:01:01,worlds
2020-01-01 00:01:01,worlds
2020-01-01 00:01:01,worlds
2020-01-01 00:01:01,worlds
2020-01-01 00:01:01,worlds
2020-01-01 00:01:01,worlds
2020-01-01 00:01:01,worlds
2020-01-01 00:01:01,worlds
2020-01-01 00:01:01,worlds
2020-01-01 00:01:01,worlds
2020-01-01 00:01:01,worlds
2020-01-01 00:01:01,worlds
2020-01-01 00:01:01,worlds
2020-01-01 00:01:01,worlds
2020-01-01 00:01:01,worlds
2020-01-01 00:01:01,worlds
2020-01-01 00:01:01,worlds
2020-01-01 00:01:01,worlds
2020-01-01 00:01:01,worlds
2020-01-01 00:01:01,worlds
2020-01-01 00:01:01,worlds
2020-01-01 00:01:01,worlds
2020-01-01 00:01:01,worlds
2020-01-01 00:01:01,worlds
2020-01-01 00:01:01,worlds
2020-01-01 00:01:01,worlds
2020-01-01 00:01:01,worlds
2020-01-01 00:01:01,worlds
2020-01-01 00:01:01,worlds
2020-01-01 00:01:01,worlds
2020-01-01 00:01:01,worlds
2020-01-01 00:01:01,worlds
2020-01-01 00:01:01,worlds
2020-01-01 00:01:01,worlds
2020-01-01 00:01:01,worlds
2020-01-01 00:01:01,worlds
2020-01-01 00:01:01,worlds
2020-01-01 00:01:01,worlds
2020-01-01 00:01:01,worlds
2020-01-01 00:01:01,worlds
2020-01-01 00:01:01,worlds
2020-01-01 00:01:01,worlds
2020-01-01 00:01:01,worlds
2020-01-01 00:01:01,worlds
2020-01-01 00:01:01,worlds
2020-01-01 00:01:01,worlds
2020-01-01 00:01:01,worlds
2020-01-01 00:01:01,worlds
2020-01-01 00:01:01,worlds
2020-01-01 00:01:01,worlds
2020-01-01 00:01:01,worlds
2020-01-01 00:01:01,worlds
2020-01-01 00:01:01,worlds
2020-01-01 00:01:01,worlds
2020-01-01 00:01:01,worlds
2020-01-01 00:01:01,worlds
2020-01-01 00:01:01,worlds
2020-01-01 00:01:01,worlds
2020-01-01 00:01:01,worlds
2020-01-01 00:01:01,worlds
2020-01-01 00:01:01,worlds
2020-01-01 00:01:01,worlds
2020-01-01 00:01:01,worlds
2020-01-01 00:01:01,worlds
2020-01-01 00:01:01,worlds
2020-01-01 00:01:01,worlds
2020-01-01 00:01:01,worlds
2020-01-01 00:01:01,worlds
2020-01-01 00:01:01,worlds
2020-01-01 00:01:01,worlds
2020-01-01 00:01:01,worlds
2020-01-01 00:01:01,worlds
2020-01-01 00:01:01,worlds
2020-01-01 00:01:01,worlds
2020-01-01 00:01:01,worlds
2020-01-01 00:01:01,worlds
2020-01-01 00:01:01,worlds
2020-01-01 00:01:01,worlds
2020-01-01 00:01:01,worlds
2020-01-01 00:01:01,worlds
2020-01-01 00:01:01,worlds
2020-01-01 00:01:01,worlds
2020-01-01 00:01:01,worlds
2020-01-01 00:01:01,worlds
2020-01-01 00:01:01,worlds
2020-01-01 00:01:01,worlds
2020-01-01 00:01:01,worlds
2020-01-01 00:01:01,worlds
2020-01-01 00:01:01,worlds
2020-01-01 00:01:01,worlds
2020-01-01 00:01:01,worlds
2020-01-01 00:01:01,worlds
2020-01-01 00:01:01,worlds
2020-01-01 00:01:01,worlds
2020-01-01 00:01:01,worlds
2020-01-01 00:01:01,worlds
2020-01-01 00:01:01,worlds
2020-01-01 00:01:01,worlds
2020-01-01 00:01:01,worlds
2020-01-01 00:01:01,worlds
2020-01-01 00:01:01,worlds
2020-01-01 00:01:01,worlds
2020-01-01 00:01:01,worlds
2020-01-01 00:01:01,worlds
2020-01-01 00:01:01,worlds
2020-01-01 00:01:01,worlds
2020-01-01 00:01:01,worlds
2020-01-01 00:01:01,worlds
2020-01-01 00:01:01,worlds
2020-01-01 00:01:01,worlds
2020-01-01 00:01:01,worlds
2020-01-01 00:01:01,worlds
2020-01-01 00:01:01,worlds
2020-01-01 00:01:01,worlds
2020-01-01 00:01:01,worlds
2020-01-01 00:01:01,worlds
2020-01-01 00:01:01,worlds
2020-01-01 00:01:01,worlds
2020-01-01 00:01:01,worlds
2020-01-01 00:01:01,worlds
2020-01-01 00:01:01,worlds
2020-01-01 00:01:01,worlds
2020-01-01 00:01:01,worlds
2020-01-01 00:01:01,worlds
2020-01-01 00:01:01,worlds
2020-01-01 00:01:01,worlds
2020-01-01 00:01:01,worlds
2020-01-01 00:01:01,worlds
2020-01-01 00:01:01,worlds
2020-01-01 00:01:01,worlds
2020-01-01 00:01:01,worlds
2020-01-01 00:01:01,worlds
2020-01-01 00:01:01,worlds
2020-01-01 00:01:01,worlds
2020-01-01 00:01:01,worlds
2020-01-01 00:01:01,worlds
2020-01-01 00:01:01,worlds
2020-01-01 00:01:01,worlds
2020-01-01 00:01:01,worlds
2020-01-01 00:01:01,worlds
2020-01-01 00:01:01,worlds
2020-01-01 00:01:01,worlds
2020-01-01 00:01:01,worlds
2020-01-01 00:01:01,worlds
2020-01-01 00:01:01,worlds
2020-01-01 00:01:01,worlds
2020-01-01 00:01:01,worlds
2020-01-01 00:01:01,worlds
2020-01-01 00:01:01,worlds
2020-01-01 00:01:01,worlds
2020-01-01 00:01:01,worlds
2020-01-01 00:01:01,worlds
2020-01-01 00:01:01,worlds
2020-01-01 00:01:01,worlds
2020-01-01 00:01:01,worlds
2020-01-01 00:01:01,worlds
2020-01-01 00:01:01,worlds
2020-01-01 00:01:01,worlds
2020-01-01 00:01:01,worlds
2020-01-01 00:01:01,worlds
2020-01-01 00:01:01,worlds
2020-01-01 00:01:01,worlds
2020-01-01 00:01:01,worlds
2020-01-01 00:01:01,worlds
2020-01-01 00:01:01,worlds
2020-01-01 00:01:01,worlds
2020-01-01 00:01:01,worlds
2020-01-01 00:01:01,worlds
2020-01-01 00:01:01,worlds
2020-01-01 00:01:01,worlds
2020-01-01 00:01:01,worlds
2020-01-01 00:01:01,worlds
2020-01-01 00:01:01,worlds
2020-01-01 00:01:01,worlds
2020-01-01 00:01:01,worlds
2020-01-01 00:01:01,worlds
2020-01-01 00:01:01,worlds
2020-01-01 00:01:01,worlds
2020-01-01 00:01:01,worlds
2020-01-01 00:01:01,worlds
2020-01-01 00:01:01,worlds
2020-01-01 00:01:01,worlds
2020-01-01 00:01:01,worlds
2020-01-01 00:01:01,worlds
2020-01-01 00:01:01,worlds
2020-01-01 00:01:01,worlds
2020-01-01 00:01:01,worlds
2020-01-01 00:01:01,worlds
2020-01-01 00:01:01,worlds
2020-01-01 00:01:01,worlds
2020-01-01 00:01:01,worlds
2020-01-01 00:01:01,worlds
2020-01-01 00:01:01,worlds
2020-01-01 00:01:01,worlds
2020-01-01 00:01:01,worlds
2020-01-01 00:01:01,worlds
2020-01-01 00:01:01,worlds
2020-01-01 00:01:01,worlds
2020-01-01 00:01:01,worlds
2020-01-01 00:01:01,worlds
2020-01-01 00:01:01,worlds
2020-01-01 00:01:01,worlds
2020-01-01 00:01:01,worlds
2020-01-01 00:01:01,worlds
2020-01-01 00:01:01,worlds
2020-01-01 00:01:01,worlds
2020-01-01 00:01:01,worlds
2020-01-01 00:01:01,worlds
2020-01-01 00:01:01,worlds
2020-01-01 00:01:01,worlds
2020-01-01 00:01:01,worlds
2020-01-01 00:01:01,worlds
2020-01-01 00:01:01,worlds
2020-01-01 00:01:01,worlds
2020-01-01 00:01:01,worlds
2020-01-01 00:01:01,worlds
2020-01-01 00:01:01,worlds
2020-01-01 00:01:01,worlds
2020-01-01 00:01:01,worlds
2020-01-01 00:01:01,worlds
2020-01-01 00:01:01,worlds
2020-01-01 00:01:01,worlds
2020-01-01 00:01:01,worlds
2020-01-01 00:01:01,worlds
2020-01-01 00:01:01,worlds
2020-01-01 00:01:01,worlds
2020-01-01 00:01:01,worlds
2020-01-01 00:01:01,worlds
2020-01-01 00:01:01,worlds
2020-01-01 00:01:01,worlds
2020-01-01 00:01:01,worlds
2020-01-01 00:01:01,worlds
2020-01-01 00:01:01,worlds
2020-01-01 00:01:01,worlds
2020-01-01 00:01:01,worlds
2020-01-01 00:01:01,worlds
2020-01-01 00:01:01,worlds
2020-01-01 00:01:01,worlds
2020-01-01 00:01:01,worlds
2020-01-01 00:01:01,worlds
2020-01-01 00:01:01,worlds
2020-01-01 00:01:01,worlds
2020-01-01 00:01:01,worlds
2020-01-01 00:01:01,worlds
2020-01-01 00:01:01,worlds
2020-01-01 00:01:01,worlds
2020-01-01 00:01:01,worlds
2020-01-01 00:01:01,worlds
2020-01-01 00:01:01,worlds
2020-01-01 00:01:01,worlds
2020-01-01 00:01:01,worlds
2020-01-01 00:01:01,worlds
2020-01-01 00:01:01,worlds
2020-01-01 00:01:01,worlds
2020-01-01 00:01:01,worlds
2020-01-01 00:01:01,worlds
2020-01-01 00:01:01,worlds
2020-01-01 00:01:01,worlds
2020-01-01 00:01:01,worlds
2020-01-01 00:01:01,worlds
2020-01-01 00:01:01,worlds
2020-01-01 00:01:01,worlds
2020-01-01 00:01:01,worlds
2020-01-01 00:01:01,worlds
2020-01-01 00:01:01,worlds
2020-01-01 00:01:01,worlds
2020-01-01 00:01:01,worlds
2020-01-01 00:01:01,worlds
2020-01-01 00:01:01,worlds
2020-01-01 00:01:01,worlds
2020-01-01 00:01:01,worlds
2020-01-01 00:01:01,worlds
2020-01-01 00:01:01,worlds
2020-01-01 00:01:01,worlds
2020-01-01 00:01:01,worlds
2020-01-01 00:01:01,worlds
2020-01-01 00:01:01,worlds
2020-01-01 00:01:01,worlds
2020-01-01 00:01:01,worlds
2020-01-01 00:01:01,worlds
2020-01-01 00:01:01,worlds
2020-01-01 00:01:01,worlds
2020-01-01 00:01:01,worlds
2020-01-01 00:01:01,worlds
2020-01-01 00:01:01,worlds
2020-01-01 00:01:01,worlds
2020-01-01 00:01:01,worlds
2020-01-01 00:01:01,worlds
2020-01-01 00:01:01,worlds
2020-01-01 00:01:01,worlds
2020-01-01 00:01:01,worlds
2020-01-01 00:01:01,worlds
2020-01-01 00:01:01,worlds
2020-01-01 00:01:01,worlds
2020-01-01 00:01:01,worlds
2020-01-01 00:01:01,worlds
2020-01-01 00:01:01,worlds
2020-01-01 00:01:01,worlds
2020-01-01 00:01:01,worlds
2020-01-01 00:01:01,worlds
2020-01-01 00:01:01,worlds
2020-01-01 00:01:01,worlds
2020-01-01 00:01:01,worlds
2020-01-01 00:01:01,worlds
2020-01-01 00:01:01,worlds
2020-01-01 00:01:01,worlds
2020-01-01 00:01:01,worlds
2020-01-01 00:01:01,worlds
2020-01-01 00:01:01,worlds
2020-01-01 00:01:01,worlds
2020-01-01 00:01:01,worlds
2020-01-01 00:01:01,worlds
2020-01-01 00:01:01,worlds
2020-01-01 00:01:01,worlds
2020-01-01 00:01:01,worlds
2020-01-01 00:01:01,worlds
2020-01-01 00:01:01,worlds
2020-01-01 00:01:01,worlds
2020-01-01 00:01:01,worlds
2020-01-01 00:01:01,worlds
2020-01-01 00:01:01,worlds
2020-01-01 00:01:01,worlds
2020-01-01 00:01:01,worlds
2020-01-01 00:01:01,worlds
2020-01-01 00:01:01,worlds
2020-01-01 00:01:01,worlds
2020-01-01 00:01:01,worlds
2020-01-01 00:01:01,worlds
2020-01-01 00:01:01,worlds
2020-01-01 00:01:01,worlds
2020-01-01 00:01:01,worlds
2020-01-01 00:01:01,worlds
2020-01-01 00:01:01,worlds
2020-01-01 00:01:01,worlds
2020-01-01 00:01:01,worlds
2020-01-01 00:01:01,worlds
2020-01-01 00:01:01,worlds
2020-01-01 00:01:01,worlds
2020-01-01 00:01:01,worlds
2020-01-01 00:01:01,worlds
2020-01-01 00:01:01,worlds
2020-01-01 00:01:01,worlds
2020-01-01 00:01:01,worlds
2020-01-01 00:01:01,worlds
2020-01-01 00:01:01,worlds
2020-01-01 00:01:01,worlds
2020-01-01 00:01:01,worlds
2020-01-01 00:01:01,worlds
2020-01-01 00:01:01,worlds
2020-01-01 00:01:01,worlds
2020-01-01 00:01:01,worlds
2020-01-01 00:01:01,worlds
2020-01-01 00:01:01,worlds
2020-01-01 00:01:01,worlds
2020-01-01 00:01:01,worlds
2020-01-01 00:01:01,worlds
2020-01-01 00:01:01,worlds
2020-01-01 00:01:01,worlds
2020-01-01 00:01:01,worlds
2020-01-01 00:01:01,worlds
2020-01-01 00:01:01,worlds
2020-01-01 00:01:01,worlds
2020-01-01 00:01:01,worlds
2020-01-01 00:01:01,worlds
2020-01-01 00:01:01,worlds
2020-01-01 00:01:01,worlds
2020-01-01 00:01:01,worlds
2020-01-01 00:01:01,worlds
2020-01-01 00:01:01,worlds
2020-01-01 00:01:01,worlds
2020-01-01 00:01:01,worlds
2020-01-01 00:01:01,worlds
2020-01-01 00:01:01,worlds
2020-01-01 00:01:01,worlds
2020-01-01 00:01:01,worlds
2020-01-01 00:01:01,worlds
2020-01-01 00:01:01,worlds
2020-01-01 00:01:01,worlds
2020-01-01 00:01:01,worlds
2020-01-01 00:01:01,worlds
2020-01-01 00:01:01,worlds
2020-01-01 00:01:01,worlds
2020-01-01 00:01:01,worlds
2020-01-01 00:01:01,worlds
2020-01-01 00:01:01,worlds
2020-01-01 00:01:01,worlds
2020-01-01 00:01:01,worlds
2020-01-01 00:01:01,worlds
2020-01-01 00:01:01,worlds
2020-01-01 00:01:01,worlds
2020-01-01 00:01:01,worlds
2020-01-01 00:01:01,worlds
2020-01-01 00:01:01,worlds
2020-01-01 00:01:01,worlds
2020-01-01 00:01:01,worlds
2020-01-01 00:01:01,worlds
2020-01-01 00:01:01,worlds
2020-01-01 00:01:01,worlds
2020-01-01 00:01:01,worlds
2020-01-01 00:01:01,worlds
2020-01-01 00:01:01,worlds
2020-01-01 00:01:01,worlds
2020-01-01 00:01:01,worlds
2020-01-01 00:01:01,worlds
2020-01-01 00:01:01,worlds
2020-01-01 00:01:01,worlds
2020-01-01 00:01:01,worlds
2020-01-01 00:01:01,worlds
2020-01-01 00:01:01,worlds
2020-01-01 00:01:01,worlds
2020-01-01 00:01:01,worlds
2020-01-01 00:01:01,worlds
2020-01-01 00:01:01,worlds
2020-01-01 00:01:01,worlds
2020-01-01 00:01:01,worlds
2020-01-01 00:01:01,worlds
2020-01-01 00:01:01,worlds
2020-01-01 00:01:01,worlds
2020-01-01 00:01:01,worlds
2020-01-01 00:01:01,worlds
2020-01-01 00:01:01,worlds
2020-01-01 00:01:01,worlds
2020-01-01 00:01:01,worlds
2020-01-01 00:01:01,worlds
2020-01-01 00:01:01,worlds
2020-01-01 00:01:01,worlds
2020-01-01 00:01:01,worlds
2020-01-01 00:01:01,worlds
2020-01-01 00:01:01,worlds
2020-01-01 00:01:01,worlds
2020-01-01 00:01:01,worlds
2020-01-01 00:01:01,worlds
2020-01-01 00:01:01,worlds
2020-01-01 00:01:01,worlds
2020-01-01 00:01:01,worlds
2020-01-01 00:01:01,worlds
2020-01-01 00:01:01,worlds
2020-01-01 00:01:01,worlds
2020-01-01 00:01:01,worlds
2020-01-01 00:01:01,worlds
2020-01-01 00:01:01,worlds
2020-01-01 00:01:01,worlds
2020-01-01 00:01:01,worlds
2020-01-01 00:01:01,worlds
2020-01-01 00:01:01,worlds
2020-01-01 00:01:01,worlds
2020-01-01 00:01:01,worlds
2020-01-01 00:01:01,worlds
2020-01-01 00:01:01,worlds
2020-01-01 00:01:01,worlds
2020-01-01 00:01:01,worlds
2020-01-01 00:01:01,worlds
2020-01-01 00:01:01,worlds
2020-01-01 00:01:01,worlds
2020-01-01 00:01:01,worlds
2020-01-01 00:01:01,worlds
2020-01-01 00:01:01,worlds
2020-01-01 00:01:01,worlds
2020-01-01 00:01:01,worlds
2020-01-01 00:01:01,worlds
2020-01-01 00:01:01,worlds
2020-01-01 00:01:01,worlds
2020-01-01 00:01:01,worlds
2020-01-01 00:01:01,worlds
2020-01-01 00:01:01,worlds
2020-01-01 00:01:01,worlds
2020-01-01 00:01:01,worlds
2020-01-01 00:01:01,worlds
2020-01-01 00:01:01,worlds
2020-01-01 00:01:01,worlds
2020-01-01 00:01:01,worlds
2020-01-01 00:01:01,worlds
2020-01-01 00:01:01,worlds
2020-01-01 00:01:01,worlds
2020-01-01 00:01:01,worlds
2020-01-01 00:01:01,worlds
2020-01-01 00:01:01,worlds
2020-01-01 00:01:01,worlds
2020-01-01 00:01:01,worlds
2020-01-01 00:01:01,worlds
2020-01-01 00:01:01,worlds
2020-01-01 00:01:01,worlds
2020-01-01 00:01:01,worlds
2020-01-01 00:01:01,worlds
2020-01-01 00:01:01,worlds
2020-01-01 00:01:01,worlds
2020-01-01 00:01:01,worlds
2020-01-01 00:01:01,worlds
2020-01-01 00:01:01,worlds
2020-01-01 00:01:01,worlds
2020-01-01 00:01:01,worlds
2020-01-01 00:01:01,worlds
2020-01-01 00:01:01,worlds
2020-01-01 00:01:01,worlds
2020-01-01 00:01:01,worlds
2020-01-01 00:01:01,worlds
2020-01-01 00:01:01,worlds
2020-01-01 00:01:01,worlds
2020-01-01 00:01:01,worlds
2020-01-01 00:01:01,worlds
2020-01-01 00:01:01,worlds
2020-01-01 00:01:01,worlds
2020-01-01 00:01:01,worlds
2020-01-01 00:01:01,worlds
2020-01-01 00:01:01,worlds
2020-01-01 00:01:01,worlds
2020-01-01 00:01:01,worlds
2020-01-01 00:01:01,worlds
2020-01-01 00:01:01,worlds
2020-01-01 00:01:01,worlds
2020-01-01 00:01:01,worlds
2020-01-01 00:01:01,worlds
2020-01-01 00:01:01,worlds
2020-01-01 00:01:01,worlds
2020-01-01 00:01:01,worlds
2020-01-01 00:01:01,worlds
2020-01-01 00:01:01,worlds
2020-01-01 00:01:01,worlds
2020-01-01 00:01:01,worlds
2020-01-01 00:01:01,worlds
2020-01-01 00:01:01,worlds
2020-01-01 00:01:01,worlds
2020-01-01 00:01:01,worlds
2020-01-01 00:01:01,worlds
2020-01-01 00:01:01,worlds
2020-01-01 00:01:01,worlds
2020-01-01 00:01:01,worlds
2020-01-01 00:01:01,worlds
2020-01-01 00:01:01,worlds
2020-01-01 00:01:01,worlds
2020-01-01 00:01:01,worlds
2020-01-01 00:01:01,worlds
2020-01-01 00:01:01,worlds
2020-01-01 00:01:01,worlds
2020-01-01 00:01:01,worlds
2020-01-01 00:01:01,worlds
2020-01-01 00:01:01,worlds
2020-01-01 00:01:01,worlds
2020-01-01 00:01:01,worlds
2020-01-01 00:01:01,worlds
2020-01-01 00:01:01,worlds
2020-01-01 00:01:01,worlds
2020-01-01 00:01:01,worlds
2020-01-01 00:01:01,worlds
2020-01-01 00:01:01,worlds
2020-01-01 00:01:01,worlds
2020-01-01 00:01:01,worlds
2020-01-01 00:01:01,worlds
2020-01-01 00:01:01,worlds
2020-01-01 00:01:01,worlds
2020-01-01 00:01:01,worlds
2020-01-01 00:01:01,worlds
2020-01-01 00:01:01,worlds
2020-01-01 00:01:01,worlds
2020-01-01 00:01:01,worlds
2020-01-01 00:01:01,worlds
2020-01-01 00:01:01,worlds
2020-01-01 00:01:01,worlds
2020-01-01 00:01:01,worlds
2020-01-01 00:01:01,worlds
2020-01-01 00:01:01,worlds
2020-01-01 00:01:01,worlds
2020-01-01 00:01:01,worlds
2020-01-01 00:01:01,worlds
2020-01-01 00:01:01,worlds
2020-01-01 00:01:01,worlds
2020-01-01 00:01:01,worlds
2020-01-01 00:01:01,worlds
2020-01-01 00:01:01,worlds
2020-01-01 00:01:01,worlds
2020-01-01 00:01:01,worlds
2020-01-01 00:01:01,worlds
2020-01-01 00:01:01,worlds
2020-01-01 00:01:01,worlds
2020-01-01 00:01:01,worlds
2020-01-01 00:01:01,worlds
2020-01-01 00:01:01,worlds
2020-01-01 00:01:01,worlds
2020-01-01 00:01:01,worlds
2020-01-01 00:01:01,worlds
2020-01-01 00:01:01,worlds
2020-01-01 00:01:01,worlds
2020-01-01 00:01:01,worlds
2020-01-01 00:01:01,worlds
2020-01-01 00:01:01,worlds
2020-01-01 00:01:01,worlds
2020-01-01 00:01:01,worlds
2020-01-01 00:01:01,worlds
2020-01-01 00:01:01,worlds
2020-01-01 00:01:01,worlds
2020-01-01 00:01:01,worlds
2020-01-01 00:01:01,worlds
2020-01-01 00:01:01,worlds
2020-01-01 00:01:01,worlds
2020-01-01 00:01:01,worlds
2020-01-01 00:01:01,worlds
2020-01-01 00:01:01,worlds
2020-01-01 00:01:01,worlds
2020-01-01 00:01:01,worlds
2020-01-01 00:01:01,worlds
2020-01-01 00:01:01,worlds
2020-01-01 00:01:01,worlds
2020-01-01 00:01:01,worlds
2020-01-01 00:01:01,worlds
2020-01-01 00:01:01,worlds
2020-01-01 00:01:01,worlds
2020-01-01 00:01:01,worlds
2020-01-01 00:01:01,worlds
2020-01-01 00:01:01,worlds
2020-01-01 00:01:01,worlds
2020-01-01 00:01:01,worlds
2020-01-01 00:01:01,worlds
2020-01-01 00:01:01,worlds
2020-01-01 00:01:01,worlds
2020-01-01 00:01:01,worlds
2020-01-01 00:01:01,worlds
2020-01-01 00:01:01,worlds
2020-01-01 00:01:01,worlds
2020-01-01 00:01:01,worlds
2020-01-01 00:01:01,worlds
2020-01-01 00:01:01,worlds
2020-01-01 00:01:01,worlds
2020-01-01 00:01:01,worlds
2020-01-01 00:01:01,worlds
2020-01-01 00:01:01,worlds
2020-01-01 00:01:01,worlds
2020-01-01 00:01:01,worlds
2020-01-01 00:01:01,worlds
2020-01-01 00:01:01,worlds
2020-01-01 00:01:01,worlds
2020-01-01 00:01:01,worlds
2020-01-01 00:01:01,worlds
2020-01-01 00:01:01,worlds
2020-01-01 00:01:01,worlds
2020-01-01 00:01:01,worlds
2020-01-01 00:01:01,worlds
2020-01-01 00:01:01,worlds
2020-01-01 00:01:01,worlds
2020-01-01 00:01:01,worlds
2020-01-01 00:01:01,worlds
2020-01-01 00:01:01,worlds
2020-01-01 00:01:01,worlds
2020-01-01 00:01:01,worlds
2020-01-01 00:01:01,worlds
2020-01-01 00:01:01,worlds
2020-01-01 00:01:01,worlds
2020-01-01 00:01:01,worlds
2020-01-01 00:01:01,worlds
2020-01-01 00:01:01,worlds
2020-01-01 00:01:01,worlds
2020-01-01 00:01:01,worlds
2020-01-01 00:01:01,worlds
2020-01-01 00:01:01,worlds
2020-01-01 00:01:01,worlds
2020-01-01 00:01:01,worlds
2020-01-01 00:01:01,worlds
2020-01-01 00:01:01,worlds
2020-01-01 00:01:01,worlds
2020-01-01 00:01:01,worlds
2020-01-01 00:01:01,worlds
2020-01-01 00:01:01,worlds
2020-01-01 00:01:01,worlds
2020-01-01 00:01:01,worlds
2020-01-01 00:01:01,worlds
2020-01-01 00:01:01,worlds
2020-01-01 00:01:01,worlds
2020-01-01 00:01:01,worlds
2020-01-01 00:01:01,worlds
2020-01-01 00:01:01,worlds
2020-01-01 00:01:01,worlds
2020-01-01 00:01:01,worlds
2020-01-01 00:01:01,worlds
2020-01-01 00:01:01,worlds
2020-01-01 00:01:01,worlds
2020-01-01 00:01:01,worlds
2020-01-01 00:01:01,worlds
2020-01-01 00:01:01,worlds
2020-01-01 00:01:01,worlds
2020-01-01 00:01:01,worlds
2020-01-01 00:01:01,worlds
2020-01-01 00:01:01,worlds
2020-01-01 00:01:01,worlds
2020-01-01 00:01:01,worlds
2020-01-01 00:01:01,worlds
2020-01-01 00:01:01,worlds
2020-01-01 00:01:01,worlds
2020-01-01 00:01:01,worlds
2020-01-01 00:01:01,worlds
2020-01-01 00:01:01,worlds
2020-01-01 00:01:01,worlds
2020-01-01 00:01:01,worlds
2020-01-01 00:01:01,worlds
2020-01-01 00:01:01,worlds
2020-01-01 00:01:01,worlds
2020-01-01 00:01:01,worlds
2020-01-01 00:01:01,worlds
2020-01-01 00:01:01,worlds
2020-01-01 00:01:01,worlds
2020-01-01 00:01:01,worlds
2020-01-01 00:01:01,worlds
2020-01-01 00:01:01,worlds
2020-01-01 00:01:01,worlds
2020-01-01 00:01:01,worlds
2020-01-01 00:01:01,worlds
2020-01-01 00:01:01,worlds
2020-01-01 00:01:01,worlds
2020-01-01 00:01:01,worlds
2020-01-01 00:01:01,worlds
2020-01-01 00:01:01,worlds
2020-01-01 00:01:01,worlds
2020-01-01 00:01:01,worlds
2020-01-01 00:01:01,worlds
2020-01-01 00:01:01,worlds
2020-01-01 00:01:01,worlds
2020-01-01 00:01:01,worlds
2020-01-01 00:01:01,worlds
2020-01-01 00:01:01,worlds
2020-01-01 00:01:01,worlds
2020-01-01 00:01:01,worlds
2020-01-01 00:01:01,worlds
2020-01-01 00:01:01,worlds
2020-01-01 00:01:01,worlds
2020-01-01 00:01:01,worlds
2020-01-01 00:01:01,worlds
2020-01-01 00:01:01,worlds
2020-01-01 00:01:01,worlds
2020-01-01 00:01:01,worlds
2020-01-01 00:01:01,worlds
2020-01-01 00:01:01,worlds
2020-01-01 00:01:01,worlds
2020-01-01 00:01:01,worlds
2020-01-01 00:01:01,worlds
2020-01-01 00:01:01,worlds
2020-01-01 00:01:01,worlds
2020-01-01 00:01:01,worlds
2020-01-01 00:01:01,worlds
2020-01-01 00:01:01,worlds
2020-01-01 00:01:01,worlds
2020-01-01 00:01:01,worlds
2020-01-01 00:01:01,worlds
2020-01-01 00:01:01,worlds
2020-01-01 00:01:01,worlds
2020-01-01 00:01:01,worlds
2020-01-01 00:01:01,worlds
2020-01-01 00:01:01,worlds
2020-01-01 00:01:01,worlds
2020-01-01 00:01:01,worlds
2020-01-01 00:01:01,worlds
2020-01-01 00:01:01,worlds
2020-01-01 00:01:01,worlds
2020-01-01 00:01:01,worlds
2020-01-01 00:01:01,worlds
2020-01-01 00:01:01,worlds
2020-01-01 00:01:01,worlds
2020-01-01 00:01:01,worlds
2020-01-01 00:01:01,worlds
2020-01-01 00:01:01,worlds
2020-01-01 00:01:01,worlds
2020-01-01 00:01:01,worlds
2020-01-01 00:01:01,worlds
2020-01-01 00:01:01,worlds
2020-01-01 00:01:01,worlds
2020-01-01 00:01:01,worlds
2020-01-01 00:01:01,worlds
2020-01-01 00:01:01,worlds
2020-01-01 00:01:01,worlds
2020-01-01 00:01:01,worlds
2020-01-01 00:01:01,worlds
2020-01-01 00:01:01,worlds
2020-01-01 00:01:01,worlds
2020-01-01 00:01:01,worlds
2020-01-01 00:01:01,worlds
2020-01-01 00:01:01,worlds
2020-01-01 00:01:01,worlds
2020-01-01 00:01:01,worlds
2020-01-01 00:01:01,worlds
2020-01-01 00:01:01,worlds
2020-01-01 00:01:01,worlds
2020-01-01 00:01:01,worlds
2020-01-01 00:01:01,worlds
2020-01-01 00:01:01,worlds
2020-01-01 00:01:01,worlds
2020-01-01 00:01:01,worlds
2020-01-01 00:01:01,worlds
2020-01-01 00:01:01,worlds
2020-01-01 00:01:01,worlds
2020-01-01 00:01:01,worlds
2020-01-01 00:01:01,worlds
2020-01-01 00:01:01,worlds
2020-01-01 00:01:01,worlds
2020-01-01 00:01:01,worlds
2020-01-01 00:01:01,worlds
2020-01-01 00:01:01,worlds
2020-01-01 00:01:01,worlds
2020-01-01 00:01:01,worlds
2020-01-01 00:01:01,worlds
2020-01-01 00:01:01,worlds
2020-01-01 00:01:01,worlds
2020-01-01 00:01:01,worlds
2020-01-01 00:01:01,worlds
2020-01-01 00:01:01,worlds
2020-01-01 00:01:01,worlds
2020-01-01 00:01:01,worlds
2020-01-01 00:01:01,worlds
2020-01-01 00:01:01,worlds
2020-01-01 00:01:01,worlds
2020-01-01 00:01:01,worlds
2020-01-01 00:01:01,worlds
2020-01-01 00:01:01,worlds
2020-01-01 00:01:01,worlds
2020-01-01 00:01:01,worlds
2020-01-01 00:01:01,worlds
2020-01-01 00:01:01,worlds
2020-01-01 00:01:01,worlds
2020-01-01 00:01:01,worlds
2020-01-01 00:01:01,worlds
2020-01-01 00:01:01,worlds
2020-01-01 00:01:01,worlds
2020-01-01 00:01:01,worlds
2020-01-01 00:01:01,worlds
2020-01-01 00:01:01,worlds
2020-01-01 00:01:01,worlds
2020-01-01 00:01:01,worlds
2020-01-01 00:01:01,worlds
2020-01-01 00:01:01,worlds
2020-01-01 00:01:01,worlds
2020-01-01 00:01:01,worlds
2020-01-01 00:01:01,worlds
2020-01-01 00:01:01,worlds
2020-01-01 00:01:01,worlds
2020-01-01 00:01:01,worlds
2020-01-01 00:01:01,worlds
2020-01-01 00:01:01,worlds
2020-01-01 00:01:01,worlds
2020-01-01 00:01:01,worlds
2020-01-01 00:01:01,worlds
2020-01-01 00:01:01,worlds
2020-01-01 00:01:01,worlds
2020-01-01 00:01:01,worlds
2020-01-01 00:01:01,worlds
2020-01-01 00:01:01,worlds
2020-01-01 00:01:01,worlds
2020-01-01 00:01:01,worlds
2020-01-01 00:01:01,worlds
2020-01-01 00:01:01,worlds
2020-01-01 00:01:01,worlds
2020-01-01 00:01:01,worlds
2020-01-01 00:01:01,worlds
2020-01-01 00:01:01,worlds
2020-01-01 00:01:01,worlds
2020-01-01 00:01:01,worlds
2020-01-01 00:01:01,worlds
2020-01-01 00:01:01,worlds
2020-01-01 00:01:01,worlds
2020-01-01 00:01:01,worlds
2020-01-01 00:01:01,worlds
2020-01-01 00:01:01,worlds
2020-01-01 00:01:01,worlds
2020-01-01 00:01:01,worlds
2020-01-01 00:01:01,worlds
2020-01-01 00:01:01,worlds
2020-01-01 00:01:01,worlds
2020-01-01 00:01:01,worlds
2020-01-01 00:01:01,worlds
2020-01-01 00:01:01,worlds
2020-01-01 00:01:01,worlds
2020-01-01 00:01:01,worlds
2020-01-01 00:01:01,worlds
2020-01-01 00:01:01,worlds
2020-01-01 00:01:01,worlds
2020-01-01 00:01:01,worlds
2020-01-01 00:01:01,worlds
2020-01-01 00:01:01,worlds
2020-01-01 00:01:01,worlds
2020-01-01 00:01:01,worlds
2020-01-01 00:01:01,worlds
2020-01-01 00:01:01,worlds
2020-01-01 00:01:01,worlds
2020-01-01 00:01:01,worlds
2020-01-01 00:01:01,worlds
2020-01-01 00:01:01,worlds
2020-01-01 00:01:01,worlds
2020-01-01 00:01:01,worlds
2020-01-01 00:01:01,worlds
2020-01-01 00:01:01,worlds
2020-01-01 00:01:01,worlds
2020-01-01 00:01:01,worlds
2020-01-01 00:01:01,worlds
2020-01-01 00:01:01,worlds
2020-01-01 00:01:01,worlds
2020-01-01 00:01:01,worlds
2020-01-01 00:01:01,worlds
2020-01-01 00:01:01,worlds
2020-01-01 00:01:01,worlds
2020-01-01 00:01:01,worlds
2020-01-01 00:01:01,worlds
2020-01-01 00:01:01,worlds
2020-01-01 00:01:01,worlds
2020-01-01 00:01:01,worlds
2020-01-01 00:01:01,worlds
2020-01-01 00:01:01,worlds
2020-01-01 00:01:01,worlds
2020-01-01 00:01:01,worlds
2020-01-01 00:01:01,worlds
2020-01-01 00:01:01,worlds
2020-01-01 00:01:01,worlds
2020-01-01 00:01:01,worlds
2020-01-01 00:01:01,worlds
2020-01-01 00:01:01,worlds
2020-01-01 00:01:01,worlds
2020-01-01 00:01:01,worlds
2020-01-01 00:01:01,worlds
2020-01-01 00:01:01,worlds
2020-01-01 00:01:01,worlds
2020-01-01 00:01:01,worlds
2020-01-01 00:01:01,worlds
2020-01-01 00:01:01,worlds
2020-01-01 00:01:01,worlds
2020-01-01 00:01:01,worlds
2020-01-01 00:01:01,worlds
2020-01-01 00:01:01,worlds
2020-01-01 00:01:01,worlds
2020-01-01 00:01:01,worlds
2020-01-01 00:01:01,worlds
2020-01-01 00:01:01,worlds
2020-01-01 00:01:01,worlds
2020-01-01 00:01:01,worlds
2020-01-01 00:01:01,worlds
2020-01-01 00:01:01,worlds
2020-01-01 00:01:01,worlds
2020-01-01 00:01:01,worlds
2020-01-01 00:01:01,worlds
2020-01-01 00:01:01,worlds
2020-01-01 00:01:01,worlds
2020-01-01 00:01:01,worlds
2020-01-01 00:01:01,worlds
2020-01-01 00:01:01,worlds
2020-01-01 00:01:01,worlds
2020-01-01 00:01:01,worlds
2020-01-01 00:01:01,worlds
2020-01-01 00:01:01,worlds
2020-01-01 00:01:01,worlds
2020-01-01 00:01:01,worlds
2020-01-01 00:01:01,worlds
2020-01-01 00:01:01,worlds
2020-01-01 00:01:01,worlds
2020-01-01 00:01:01,worlds
2020-01-01 00:01:01,worlds
2020-01-01 00:01:01,worlds
2020-01-01 00:01:01,worlds
2020-01-01 00:01:01,worlds
2020-01-01 00:01:01,worlds
2020-01-01 00:01:01,worlds
2020-01-01 00:01:01,worlds
2020-01-01 00:01:01,worlds
2020-01-01 00:01:01,worlds
2020-01-01 00:01:01,worlds
2020-01-01 00:01:01,worlds
2020-01-01 00:01:01,worlds
2020-01-01 00:01:01,worlds
2020-01-01 00:01:01,worlds
2020-01-01 00:01:01,worlds
2020-01-01 00:01:01,worlds
2020-01-01 00:01:01,worlds
2020-01-01 00:01:01,worlds
2020-01-01 00:01:01,worlds
2020-01-01 00:01:01,worlds
2020-01-01 00:01:01,worlds
2020-01-01 00:01:01,worlds
2020-01-01 00:01:01,worlds
2020-01-01 00:01:01,worlds
2020-01-01 00:01:01,worlds
2020-01-01 00:01:01,worlds
2020-01-01 00:01:01,worlds
2020-01-01 00:01:01,worlds
2020-01-01 00:01:01,worlds
2020-01-01 00:01:01,worlds
2020-01-01 00:01:01,worlds
2020-01-01 00:01:01,worlds
2020-01-01 00:01:01,worlds
2020-01-01 00:01:01,worlds
2020-01-01 00:01:01,worlds
2020-01-01 00:01:01,worlds
2020-01-01 00:01:01,worlds
2020-01-01 00:01:01,worlds
2020-01-01 00:01:01,worlds
2020-01-01 00:01:01,worlds
2020-01-01 00:01:01,worlds
2020-01-01 00:01:01,worlds
2020-01-01 00:01:01,worlds
2020-01-01 00:01:01,worlds
2020-01-01 00:01:01,worlds
2020-01-01 00:01:01,worlds
2020-01-01 00:01:01,worlds
2020-01-01 00:01:01,worlds
2020-01-01 00:01:01,worlds
2020-01-01 00:01:01,worlds
2020-01-01 00:01:01,worlds
2020-01-01 00:01:01,worlds
2020-01-01 00:01:01,worlds
2020-01-01 00:01:01,worlds
2020-01-01 00:01:01,worlds
2020-01-01 00:01:01,worlds
2020-01-01 00:01:01,worlds
2020-01-01 00:01:01,worlds
2020-01-01 00:01:01,worlds
2020-01-01 00:01:01,worlds
2020-01-01 00:01:01,worlds
2020-01-01 00:01:01,worlds
2020-01-01 00:01:01,worlds
2020-01-01 00:01:01,worlds
2020-01-01 00:01:01,worlds
2020-01-01 00:01:01,worlds
2020-01-01 00:01:01,worlds
2020-01-01 00:01:01,worlds
2020-01-01 00:01:01,worlds
2020-01-01 00:01:01,worlds
2020-01-01 00:01:01,worlds
2020-01-01 00:01:01,worlds
2020-01-01 00:01:01,worlds
2020-01-01 00:01:01,worlds
2020-01-01 00:01:01,worlds
2020-01-01 00:01:01,worlds
2020-01-01 00:01:01,worlds
2020-01-01 00:01:01,worlds
2020-01-01 00:01:01,worlds
2020-01-01 00:01:01,worlds
2020-01-01 00:01:01,worlds
2020-01-01 00:01:01,worlds
2020-01-01 00:01:01,worlds
2020-01-01 00:01:01,worlds
2020-01-01 00:01:01,worlds
2020-01-01 00:01:01,worlds
2020-01-01 00:01:01,worlds
2020-01-01 00:01:01,worlds
2020-01-01 00:01:01,worlds
2020-01-01 00:01:01,worlds
2020-01-01 00:01:01,worlds
2020-01-01 00:01:01,worlds
2020-01-01 00:01:01,worlds
2020-01-01 00:01:01,worlds
2020-01-01 00:01:01,worlds
2020-01-01 00:01:01,worlds
2020-01-01 00:01:01,worlds
2020-01-01 00:01:01,worlds
2020-01-01 00:01:01,worlds
2020-01-01 00:01:01,worlds
2020-01-01 00:01:01,worlds
2020-01-01 00:01:01,worlds
2020-01-01 00:01:01,worlds
2020-01-01 00:01:01,worlds
2020-01-01 00:01:01,worlds
2020-01-01 00:01:01,worlds
2020-01-01 00:01:01,worlds
2020-01-01 00:01:01,worlds
2020-01-01 00:01:01,worlds
2020-01-01 00:01:01,worlds
2020-01-01 00:01:01,worlds
2020-01-01 00:01:01,worlds
2020-01-01 00:01:01,worlds
2020-01-01 00:01:01,worlds
2020-01-01 00:01:01,worlds
2020-01-01 00:01:01,worlds
2020-01-01 00:01:01,worlds
2020-01-01 00:01:01,worlds
2020-01-01 00:01:01,worlds
2020-01-01 00:01:01,worlds
2020-01-01 00:01:01,worlds
2020-01-01 00:01:01,worlds
2020-01-01 00:01:01,worlds
2020-01-01 00:01:01,worlds
2020-01-01 00:01:01,worlds
2020-01-01 00:01:01,worlds
2020-01-01 00:01:01,worlds
2020-01-01 00:01:01,worlds
2020-01-01 00:01:01,worlds
2020-01-01 00:01:01,worlds
2020-01-01 00:01:01,worlds
2020-01-01 00:01:01,worlds
2020-01-01 00:01:01,worlds
2020-01-01 00:01:01,worlds
2020-01-01 00:01:01,worlds
2020-01-01 00:01:01,worlds
2020-01-01 00:01:01,worlds
2020-01-01 00:01:01,worlds
2020-01-01 00:01:01,worlds
2020-01-01 00:01:01,worlds
2020-01-01 00:01:01,worlds
2020-01-01 00:01:01,worlds
2020-01-01 00:01:01,worlds
2020-01-01 00:01:01,worlds
2020-01-01 00:01:01,worlds
2020-01-01 00:01:01,worlds
2020-01-01 00:01:01,worlds
2020-01-01 00:01:01,worlds
2020-01-01 00:01:01,worlds
2020-01-01 00:01:01,worlds
2020-01-01 00:01:01,worlds
2020-01-01 00:01:01,worlds
2020-01-01 00:01:01,worlds
2020-01-01 00:01:01,worlds
2020-01-01 00:01:01,worlds
2020-01-01 00:01:01,worlds
2020-01-01 00:01:01,worlds
2020-01-01 00:01:01,worlds
2020-01-01 00:01:01,worlds
2020-01-01 00:01:01,worlds
2020-01-01 00:01:01,worlds
2020-01-01 00:01:01,worlds
2020-01-01 00:01:01,worlds
2020-01-01 00:01:01,worlds
2020-01-01 00:01:01,worlds
2020-01-01 00:01:01,worlds
2020-01-01 00:01:01,worlds
2020-01-01 00:01:01,worlds
2020-01-01 00:01:01,worlds
2020-01-01 00:01:01,worlds
2020-01-01 00:01:01,worlds
2020-01-01 00:01:01,worlds
2020-01-01 00:01:01,worlds
2020-01-01 00:01:01,worlds
2020-01-01 00:01:01,worlds
2020-01-01 00:01:01,worlds
2020-01-01 00:01:01,worlds
2020-01-01 00:01:01,worlds
2020-01-01 00:01:01,worlds
2020-01-01 00:01:01,worlds
2020-01-01 00:01:01,worlds
2020-01-01 00:01:01,worlds
2020-01-01 00:01:01,worlds
2020-01-01 00:01:01,worlds
2020-01-01 00:01:01,worlds
2020-01-01 00:01:01,worlds
2020-01-01 00:01:01,worlds
2020-01-01 00:01:01,worlds
2020-01-01 00:01:01,worlds
2020-01-01 00:01:01,worlds
2020-01-01 00:01:01,worlds
2020-01-01 00:01:01,worlds
2020-01-01 00:01:01,worlds
2020-01-01 00:01:01,worlds
2020-01-01 00:01:01,worlds
2020-01-01 00:01:01,worlds
2020-01-01 00:01:01,worlds
2020-01-01 00:01:01,worlds
2020-01-01 00:01:01,worlds
2020-01-01 00:01:01,worlds
2020-01-01 00:01:01,worlds
2020-01-01 00:01:01,worlds
2020-01-01 00:01:01,worlds
2020-01-01 00:01:01,worlds
2020-01-01 00:01:01,worlds
2020-01-01 00:01:01,worlds
2020-01-01 00:01:01,worlds
2020-01-01 00:01:01,worlds
2020-01-01 00:01:01,worlds
2020-01-01 00:01:01,worlds
2020-01-01 00:01:01,worlds
2020-01-01 00:01:01,worlds
2020-01-01 00:01:01,worlds
2020-01-01 00:01:01,worlds
2020-01-01 00:01:01,worlds
2020-01-01 00:01:01,worlds
2020-01-01 00:01:01,worlds
2020-01-01 00:01:01,worlds
2020-01-01 00:01:01,worlds
2020-01-01 00:01:01,worlds
2020-01-01 00:01:01,worlds
2020-01-01 00:01:01,worlds
2020-01-01 00:01:01,worlds
2020-01-01 00:01:01,worlds
2020-01-01 00:01:01,worlds
2020-01-01 00:01:01,worlds
2020-01-01 00:01:01,worlds
2020-01-01 00:01:01,worlds
2020-01-01 00:01:01,worlds
2020-01-01 00:01:01,worlds
2020-01-01 00:01:01,worlds
2020-01-01 00:01:01,worlds
2020-01-01 00:01:01,worlds
2020-01-01 00:01:01,worlds
2020-01-01 00:01:01,worlds
2020-01-01 00:01:01,worlds
2020-01-01 00:01:01,worlds
2020-01-01 00:01:01,worlds
2020-01-01 00:01:01,worlds
2020-01-01 00:01:01,worlds
2020-01-01 00:01:01,worlds
2020-01-01 00:01:01,worlds
2020-01-01 00:01:01,worlds
2020-01-01 00:01:01,worlds
2020-01-01 00:01:01,worlds
2020-01-01 00:01:01,worlds
2020-01-01 00:01:01,worlds
2020-01-01 00:01:01,worlds
2020-01-01 00:01:01,worlds
2020-01-01 00:01:01,worlds
2020-01-01 00:01:01,worlds
2020-01-01 00:01:01,worlds
2020-01-01 00:01:01,worlds
2020-01-01 00:01:01,worlds
2020-01-01 00:01:01,worlds
2020-01-01 00:01:01,worlds
2020-01-01 00:01:01,worlds
2020-01-01 00:01:01,worlds
2020-01-01 00:01:01,worlds
2020-01-01 00:01:01,worlds
2020-01-01 00:01:01,worlds
2020-01-01 00:01:01,worlds
2020-01-01 00:01:01,worlds
2020-01-01 00:01:01,worlds
2020-01-01 00:01:01,worlds
2020-01-01 00:01:01,worlds
2020-01-01 00:01:01,worlds
2020-01-01 00:01:01,worlds
2020-01-01 00:01:01,worlds
2020-01-01 00:01:01,worlds
2020-01-01 00:01:01,worlds
2020-01-01 00:01:01,worlds
2020-01-01 00:01:01,worlds
2020-01-01 00:01:01,worlds
2020-01-01 00:01:01,worlds
2020-01-01 00:01:01,worlds
2020-01-01 00:01:01,worlds
2020-01-01 00:01:01,worlds
2020-01-01 00:01:01,worlds
2020-01-01 00:01:01,worlds
2020-01-01 00:01:01,worlds
2020-01-01 00:01:01,worlds
2020-01-01 00:01:01,worlds
2020-01-01 00:01:01,worlds
2020-01-01 00:01:01,worlds
2020-01-01 00:01:01,worlds
2020-01-01 00:01:01,worlds
2020-01-01 00:01:01,worlds
2020-01-01 00:01:01,worlds
2020-01-01 00:01:01,worlds
2020-01-01 00:01:01,worlds
2020-01-01 00:01:01,worlds
2020-01-01 00:01:01,worlds
2020-01-01 00:01:01,worlds
2020-01-01 00:01:01,worlds
2020-01-01 00:01:01,worlds
2020-01-01 00:01:01,worlds
2020-01-01 00:01:01,worlds
2020-01-01 00:01:01,worlds
2020-01-01 00:01:01,worlds
2020-01-01 00:01:01,worlds
2020-01-01 00:01:01,worlds
2020-01-01 00:01:01,worlds
2020-01-01 00:01:01,worlds
2020-01-01 00:01:01,worlds
2020-01-01 00:01:01,worlds
2020-01-01 00:01:01,worlds
2020-01-01 00:01:01,worlds
2020-01-01 00:01:01,worlds
2020-01-01 00:01:01,worlds
2020-01-01 00:01:01,worlds
2020-01-01 00:01:01,worlds
2020-01-01 00:01:01,worlds
2020-01-01 00:01:01,worlds
2020-01-01 00:01:01,worlds
2020-01-01 00:01:01,worlds
2020-01-01 00:01:01,worlds
2020-01-01 00:01:01,worlds
2020-01-01 00:01:01,worlds
2020-01-01 00:01:01,worlds
2020-01-01 00:01:01,worlds
2020-01-01 00:01:01,worlds
2020-01-01 00:01:01,worlds
2020-01-01 00:01:01,worlds
2020-01-01 00:01:01,worlds
2020-01-01 00:01:01,worlds
2020-01-01 00:01:01,worlds
2020-01-01 00:01:01,worlds
2020-01-01 00:01:01,worlds
2020-01-01 00:01:01,worlds
2020-01-01 00:01:01,worlds
2020-01-01 00:01:01,worlds
2020-01-01 00:01:01,worlds
2020-01-01 00:01:01,worlds
2020-01-01 00:01:01,worlds
2020-01-01 00:01:01,worlds
2020-01-01 00:01:01,worlds
2020-01-01 00:01:01,worlds
2020-01-01 00:01:01,worlds
2020-01-01 00:01:01,worlds
2020-01-01 00:01:01,worlds
2020-01-01 00:01:01,worlds
2020-01-01 00:01:01,worlds
2020-01-01 00:01:01,worlds
2020-01-01 00:01:01,worlds
2020-01-01 00:01:01,worlds
2020-01-01 00:01:01,worlds
2020-01-01 00:01:01,worlds
2020-01-01 00:01:01,worlds
2020-01-01 00:01:01,worlds
2020-01-01 00:01:01,worlds
2020-01-01 00:01:01,worlds
2020-01-01 00:01:01,worlds
2020-01-01 00:01:01,worlds
2020-01-01 00:01:01,worlds
2020-01-01 00:01:01,worlds
2020-01-01 00:01:01,worlds
2020-01-01 00:01:01,worlds
2020-01-01 00:01:01,worlds
2020-01-01 00:01:01,worlds
2020-01-01 00:01:01,worlds
2020-01-01 00:01:01,worlds
2020-01-01 00:01:01,worlds
2020-01-01 00:01:01,worlds
2020-01-01 00:01:01,worlds
2020-01-01 00:01:01,worlds
2020-01-01 00:01:01,worlds
2020-01-01 00:01:01,worlds
2020-01-01 00:01:01,worlds
2020-01-01 00:01:01,worlds
2020-01-01 00:01:01,worlds
2020-01-01 00:01:01,worlds
2020-01-01 00:01:01,worlds
2020-01-01 00:01:01,worlds
2020-01-01 00:01:01,worlds
2020-01-01 00:01:01,worlds
2020-01-01 00:01:01,worlds
2020-01-01 00:01:01,worlds
2020-01-01 00:01:01,worlds
2020-01-01 00:01:01,worlds
2020-01-01 00:01:01,worlds
2020-01-01 00:01:01,worlds
2020-01-01 00:01:01,worlds
2020-01-01 00:01:01,worlds
2020-01-01 00:01:01,worlds
2020-01-01 00:01:01,worlds
2020-01-01 00:01:01,worlds
2020-01-01 00:01:01,worlds
2020-01-01 00:01:01,worlds
2020-01-01 00:01:01,worlds
2020-01-01 00:01:01,worlds
2020-01-01 00:01:01,worlds
2020-01-01 00:01:01,worlds
2020-01-01 00:01:01,worlds
2020-01-01 00:01:01,worlds
2020-01-01 00:01:01,worlds
2020-01-01 00:01:01,worlds
2020-01-01 00:01:01,worlds
2020-01-01 00:01:01,worlds
2020-01-01 00:01:01,worlds
2020-01-01 00:01:01,worlds
2020-01-01 00:01:01,worlds
2020-01-01 00:01:01,worlds
2020-01-01 00:01:01,worlds
2020-01-01 00:01:01,worlds
2020-01-01 00:01:01,worlds
2020-01-01 00:01:01,worlds
2020-01-01 00:01:01,worlds
2020-01-01 00:01:01,worlds
2020-01-01 00:01:01,worlds
2020-01-01 00:01:01,worlds
2020-01-01 00:01:01,worlds
2020-01-01 00:01:01,worlds
2020-01-01 00:01:01,worlds
2020-01-01 00:01:01,worlds
2020-01-01 00:01:01,worlds
2020-01-01 00:01:01,worlds
2020-01-01 00:01:01,worlds
2020-01-01 00:01:01,worlds
2020-01-01 00:01:01,worlds
2020-01-01 00:01:01,worlds
2020-01-01 00:01:01,worlds
2020-01-01 00:01:01,worlds
2020-01-01 00:01:01,worlds
2020-01-01 00:01:01,worlds
2020-01-01 00:01:01,worlds
2020-01-01 00:01:01,worlds
2020-01-01 00:01:01,worlds
2020-01-01 00:01:01,worlds
2020-01-01 00:01:01,worlds
2020-01-01 00:01:01,worlds
2020-01-01 00:01:01,worlds
2020-01-01 00:01:01,worlds
2020-01-01 00:01:01,worlds
2020-01-01 00:01:01,worlds
2020-01-01 00:01:01,worlds
2020-01-01 00:01:01,worlds
2020-01-01 00:01:01,worlds
2020-01-01 00:01:01,worlds
2020-01-01 00:01:01,worlds
2020-01-01 00:01:01,worlds
2020-01-01 00:01:01,worlds
2020-01-01 00:01:01,worlds
2020-01-01 00:01:01,worlds
2020-01-01 00:01:01,worlds
2020-01-01 00:01:01,worlds
2020-01-01 00:01:01,worlds
2020-01-01 00:01:01,worlds
2020-01-01 00:01:01,worlds
2020-01-01 00:01:01,worlds
2020-01-01 00:01:01,worlds
2020-01-01 00:01:01,worlds
2020-01-01 00:01:01,worlds
2020-01-01 00:01:01,worlds
2020-01-01 00:01:01,worlds
2020-01-01 00:01:01,worlds
2020-01-01 00:01:01,worlds
2020-01-01 00:01:01,worlds
2020-01-01 00:01:01,worlds
2020-01-01 00:01:01,worlds
2020-01-01 00:01:01,worlds
2020-01-01 00:01:01,worlds
2020-01-01 00:01:01,worlds
2020-01-01 00:01:01,worlds
2020-01-01 00:01:01,worlds
2020-01-01 00:01:01,worlds
2020-01-01 00:01:01,worlds
2020-01-01 00:01:01,worlds
2020-01-01 00:01:01,worlds
2020-01-01 00:01:01,worlds
2020-01-01 00:01:01,worlds
2020-01-01 00:01:01,worlds
2020-01-01 00:01:01,worlds
2020-01-01 00:01:01,worlds
2020-01-01 00:01:01,worlds
2020-01-01 00:01:01,worlds
2020-01-01 00:01:01,worlds
2020-01-01 00:01:01,worlds
2020-01-01 00:01:01,worlds
2020-01-01 00:01:01,worlds
2020-01-01 00:01:01,worlds
2020-01-01 00:01:01,worlds
2020-01-01 00:01:01,worlds
2020-01-01 00:01:01,worlds
2020-01-01 00:01:01,worlds
2020-01-01 00:01:01,worlds
2020-01-01 00:01:01,worlds
2020-01-01 00:01:01,worlds
2020-01-01 00:01:01,worlds
2020-01-01 00:01:01,worlds
2020-01-01 00:01:01,worlds
2020-01-01 00:01:01,worlds
2020-01-01 00:01:01,worlds
2020-01-01 00:01:01,worlds
2020-01-01 00:01:01,worlds
2020-01-01 00:01:01,worlds
2020-01-01 00:01:01,worlds
2020-01-01 00:01:01,worlds
2020-01-01 00:01:01,worlds
2020-01-01 00:01:01,worlds
2020-01-01 00:01:01,worlds
2020-01-01 00:01:01,worlds
2020-01-01 00:01:01,worlds
2020-01-01 00:01:01,worlds
2020-01-01 00:01:01,worlds
2020-01-01 00:01:01,worlds
2020-01-01 00:01:01,worlds
2020-01-01 00:01:01,worlds
2020-01-01 00:01:01,worlds
2020-01-01 00:01:01,worlds
2020-01-01 00:01:01,worlds
2020-01-01 00:01:01,worlds
2020-01-01 00:01:01,worlds
2020-01-01 00:01:01,worlds
2020-01-01 00:01:01,worlds
2020-01-01 00:01:01,worlds
2020-01-01 00:01:01,worlds
2020-01-01 00:01:01,worlds
2020-01-01 00:01:01,worlds
2020-01-01 00:01:01,worlds
2020-01-01 00:01:01,worlds
2020-01-01 00:01:01,worlds
2020-01-01 00:01:01,worlds
2020-01-01 00:01:01,worlds
2020-01-01 00:01:01,worlds
2020-01-01 00:01:01,worlds
2020-01-01 00:01:01,worlds
2020-01-01 00:01:01,worlds
2020-01-01 00:01:01,worlds
2020-01-01 00:01:01,worlds
2020-01-01 00:01:01,worlds
2020-01-01 00:01:01,worlds
2020-01-01 00:01:01,worlds
2020-01-01 00:01:01,worlds
2020-01-01 00:01:01,worlds
2020-01-01 00:01:01,worlds
2020-01-01 00:01:01,worlds
2020-01-01 00:01:01,worlds
2020-01-01 00:01:01,worlds
2020-01-01 00:01:01,worlds
2020-01-01 00:01:01,worlds
2020-01-01 00:01:01,worlds
2020-01-01 00:01:01,worlds
2020-01-01 00:01:01,worlds
2020-01-01 00:01:01,worlds
2020-01-01 00:01:01,worlds
2020-01-01 00:01:01,worlds
2020-01-01 00:01:01,worlds
2020-01-01 00:01:01,worlds
2020-01-01 00:01:01,worlds
2020-01-01 00:01:01,worlds
2020-01-01 00:01:01,worlds
2020-01-01 00:01:01,worlds
2020-01-01 00:01:01,worlds
2020-01-01 00:01:01,worlds
2020-01-01 00:01:01,worlds
2020-01-01 00:01:01,worlds
2020-01-01 00:01:01,worlds
2020-01-01 00:01:01,worlds
2020-01-01 00:01:01,worlds
2020-01-01 00:01:01,worlds
2020-01-01 00:01:01,worlds
2020-01-01 00:01:01,worlds
2020-01-01 00:01:01,worlds
2020-01-01 00:01:01,worlds
2020-01-01 00:01:01,worlds
2020-01-01 00:01:01,worlds
2020-01-01 00:01:01,worlds
2020-01-01 00:01:01,worlds
2020-01-01 00:01:01,worlds
2020-01-01 00:01:01,worlds
2020-01-01 00:01:01,worlds
2020-01-01 00:01:01,worlds
2020-01-01 00:01:01,worlds
2020-01-01 00:01:01,worlds
2020-01-01 00:01:01,worlds
bla,worlds
2020-01-01 00:01:01,worlds
2020-01-01 00:01:01,worlds
2020-01-01 00:01:01,worlds
2020-01-01 00:01:01,worlds
2020-01-01 00:01:01,worlds
2020-01-01 00:01:01,worlds
2020-01-01 00:01:01,worlds
2020-01-01 00:01:01,worlds
2020-01-01 00:01:01,worlds
2020-01-01 00:01:01,worlds
2020-01-01 00:01:01,worlds
2020-01-01 00:01:01,worlds
2020-01-01 00:01:01,worlds
2020-01-01 00:01:01,worlds
2020-01-01 00:01:01,worlds
2020-01-01 00:01:01,worlds
2020-01-01 00:01:01,worlds
2020-01-01 00:01:01,worlds
2020-01-01 00:01:01,worlds
2020-01-01 00:01:01,worlds
2020-01-01 00:01:01,worlds
2020-01-01 00:01:01,worlds
2020-01-01 00:01:01,worlds
2020-01-01 00:01:01,worlds
2020-01-01 00:01:01,worlds
2020-01-01 00:01:01,worlds
2020-01-01 00:01:01,worlds
2020-01-01 00:01:01,worlds
2020-01-01 00:01:01,worlds
2020-01-01 00:01:01,worlds
2020-01-01 00:01:01,worlds
2020-01-01 00:01:01,worlds
2020-01-01 00:01:01,worlds
2020-01-01 00:01:01,worlds
2020-01-01 00:01:01,worlds
2020-01-01 00:01:01,worlds
2020-01-01 00:01:01,worlds
2020-01-01 00:01:01,worlds
2020-01-01 00:01:01,worlds
2020-01-01 00:01:01,worlds
2020-01-01 00:01:01,worlds
2020-01-01 00:01:01,worlds
2020-01-01 00:01:01,worlds
2020-01-01 00:01:01,worlds
2020-01-01 00:01:01,worlds
2020-01-01 00:01:01,worlds
2020-01-01 00:01:01,worlds
2020-01-01 00:01:01,worlds
2020-01-01 00:01:01,worlds
2020-01-01 00:01:01,worlds
2020-01-01 00:01:01,worlds
2020-01-01 00:01:01,worlds
2020-01-01 00:01:01,worlds
2020-01-01 00:01:01,worlds
2020-01-01 00:01:01,worlds
2020-01-01 00:01:01,worlds
2020-01-01 00:01:01,worlds
2020-01-01 00:01:01,worlds
2020-01-01 00:01:01,worlds
2020-01-01 00:01:01,worlds
2020-01-01 00:01:01,worlds
2020-01-01 00:01:01,worlds
2020-01-01 00:01:01,worlds
2020-01-01 00:01:01,worlds
2020-01-01 00:01:01,worlds
2020-01-01 00:01:01,worlds
2020-01-01 00:01:01,worlds
2020-01-01 00:01:01,worlds
2020-01-01 00:01:01,worlds
2020-01-01 00:01:01,worlds
2020-01-01 00:01:01,worlds
2020-01-01 00:01:01,worlds
2020-01-01 00:01:01,worlds
2020-01-01 00:01:01,worlds
2020-01-01 00:01:01,worlds
2020-01-01 00:01:01,worlds
2020-01-01 00:01:01,worlds
2020-01-01 00:01:01,worlds
2020-01-01 00:01:01,worlds
2020-01-01 00:01:01,worlds
2020-01-01 00:01:01,worlds
2020-01-01 00:01:01,worlds
2020-01-01 00:01:01,worlds
2020-01-01 00:01:01,worlds
2020-01-01 00:01:01,worlds
2020-01-01 00:01:01,worlds
2020-01-01 00:01:01,worlds
2020-01-01 00:01:01,worlds
2020-01-01 00:01:01,worlds
2020-01-01 00:01:01,worlds
2020-01-01 00:01:01,worlds
2020-01-01 00:01:01,worlds
2020-01-01 00:01:01,worlds
2020-01-01 00:01:01,worlds
2020-01-01 00:01:01,worlds
2020-01-01 00:01:01,worlds
2020-01-01 00:01:01,worlds
2020-01-01 00:01:01,worlds
2020-01-01 00:01:01,worlds
2020-01-01 00:01:01,worlds
